Var1,Var2
AGTim,Alanine and aspartate metabolism
ARGSS,Alanine and aspartate metabolism
ASNNm,Alanine and aspartate metabolism
ASNS1,Alanine and aspartate metabolism
ASPNATm,Alanine and aspartate metabolism
ASPTAm,Alanine and aspartate metabolism
DASPO1p,Alanine and aspartate metabolism
NACASPAH,Alanine and aspartate metabolism
ASPTA,Alanine and aspartate metabolism
ASNN,Alanine and aspartate metabolism
ARGSL,Alanine and aspartate metabolism
AGTix,Alanine and aspartate metabolism
ALAR,Alanine and aspartate metabolism
COKECBESr,Alkaloid synthesis
ACGAMK,Aminosugar metabolism
ACGAMPM,Aminosugar metabolism
ACNML,Aminosugar metabolism
ACNMCT,Aminosugar metabolism
UAG2EMA,Aminosugar metabolism
UAGALDP,Aminosugar metabolism
r0013,Aminosugar metabolism
r0113,Aminosugar metabolism
r0782,Aminosugar metabolism
r1374,Aminosugar metabolism
r1375,Aminosugar metabolism
UAG4Ei,Aminosugar metabolism
UAGDP,Aminosugar metabolism
AMANK,Aminosugar metabolism
ACGAM2E,Aminosugar metabolism
HMR_4124,Aminosugar metabolism
ACGALK,Aminosugar metabolism
ACGALK2,Aminosugar metabolism
ACGAM6PS,Aminosugar metabolism
ACNAM9PL,Aminosugar metabolism
ACNAM9PL2,Aminosugar metabolism
ACNAMPH,Aminosugar metabolism
CHTNASE,Aminosugar metabolism
CHTNASEe,Aminosugar metabolism
CMPSASn,Aminosugar metabolism
GF6PTA,Aminosugar metabolism
AGDC,Aminosugar metabolism
G6PDA,Aminosugar metabolism
HEX10,Aminosugar metabolism
KDNH,Aminosugar metabolism
r0363,Aminosugar metabolism
r0364,Aminosugar metabolism
RE1587C,Androgen and estrogen synthesis and metabolism
RE1630C,Androgen and estrogen synthesis and metabolism
RE1632C,Androgen and estrogen synthesis and metabolism
RE2386C,Androgen and estrogen synthesis and metabolism
RE3013C,Androgen and estrogen synthesis and metabolism
RE3108C,Androgen and estrogen synthesis and metabolism
HMR_1944,Androgen and estrogen synthesis and metabolism
HMR_1958,Androgen and estrogen synthesis and metabolism
HMR_1962,Androgen and estrogen synthesis and metabolism
HMR_1968,Androgen and estrogen synthesis and metabolism
HMR_1971,Androgen and estrogen synthesis and metabolism
HMR_2016,Androgen and estrogen synthesis and metabolism
HMR_1982,Androgen and estrogen synthesis and metabolism
HMR_1983,Androgen and estrogen synthesis and metabolism
HMR_2018,Androgen and estrogen synthesis and metabolism
HMR_2029,Androgen and estrogen synthesis and metabolism
HMR_2088,Androgen and estrogen synthesis and metabolism
HMR_2089,Androgen and estrogen synthesis and metabolism
RE2235C,Androgen and estrogen synthesis and metabolism
RE2235R,Androgen and estrogen synthesis and metabolism
RE3218C,Androgen and estrogen synthesis and metabolism
RE3220C,Androgen and estrogen synthesis and metabolism
HMR_1967,Androgen and estrogen synthesis and metabolism
HMR_1970,Androgen and estrogen synthesis and metabolism
HMR_1976,Androgen and estrogen synthesis and metabolism
HMR_2014,Androgen and estrogen synthesis and metabolism
RE2563C,Arachidonic acid metabolism
RE3036C,Arachidonic acid metabolism
RE3041C,Arachidonic acid metabolism
RE3044C,Arachidonic acid metabolism
RE3476C,Arachidonic acid metabolism
RE3476M,Arachidonic acid metabolism
RE3286C,Arachidonic acid metabolism
RE3287C,Arachidonic acid metabolism
RE3288C,Arachidonic acid metabolism
RE3289C,Arachidonic acid metabolism
RE3513C,Arachidonic acid metabolism
RE3513R,Arachidonic acid metabolism
RE3520E,Arachidonic acid metabolism
RE3525M,Arachidonic acid metabolism
RE3526C,Arachidonic acid metabolism
RE3526M,Arachidonic acid metabolism
HMR_0960,Arachidonic acid metabolism
HMR_0985,Arachidonic acid metabolism
HMR_0986,Arachidonic acid metabolism
HMR_1030,Arachidonic acid metabolism
HMR_1033,Arachidonic acid metabolism
HMR_1037,Arachidonic acid metabolism
HMR_1039,Arachidonic acid metabolism
HMR_1077,Arachidonic acid metabolism
RE3033C,Arachidonic acid metabolism
RE3470C,Arachidonic acid metabolism
RE3470M,Arachidonic acid metabolism
RE3475C,Arachidonic acid metabolism
RE3525C,Arachidonic acid metabolism
RE3525R,Arachidonic acid metabolism
HMR_0942,Arachidonic acid metabolism
HMR_0946,Arachidonic acid metabolism
HMR_0950,Arachidonic acid metabolism
HMR_0954,Arachidonic acid metabolism
HMR_0963,Arachidonic acid metabolism
HMR_0979,Arachidonic acid metabolism
HMR_0981,Arachidonic acid metabolism
HMR_0987,Arachidonic acid metabolism
RE3038C,Arachidonic acid metabolism
RE3040C,Arachidonic acid metabolism
HMR_0980,Arachidonic acid metabolism
ADMDC,Arginine and proline metabolism
AGMTm,Arginine and proline metabolism
APRTO2,Arginine and proline metabolism
ARGDCm,Arginine and proline metabolism
DARGOp,Arginine and proline metabolism
MDRPD,Arginine and proline metabolism
NABTNO,Arginine and proline metabolism
NOS2_2,Arginine and proline metabolism
P5CRm,Arginine and proline metabolism
PHCHGSm,Arginine and proline metabolism
PROD2m,Arginine and proline metabolism
PTRCOX1,Arginine and proline metabolism
NOS2,Arginine and proline metabolism
HPROx,Arginine and proline metabolism
HPROxm,Arginine and proline metabolism
HPROb,Arginine and proline metabolism
P5CR,Arginine and proline metabolism
PROD2,Arginine and proline metabolism
4HGLSDm,Arginine and proline metabolism
DDPGAm,Arginine and proline metabolism
DKMPPD,Arginine and proline metabolism
DORNOp,Arginine and proline metabolism
EHGLAT2m,Arginine and proline metabolism
EHGLATm,Arginine and proline metabolism
MTRI,Arginine and proline metabolism
ARGDr,Arginine and proline metabolism
HMR_4422,Arginine and proline metabolism
PROAKGOX1,Arginine and proline metabolism
HMR_4777,Arginine and proline metabolism
HMR_4782,Arginine and proline metabolism
HMR_4783,Arginine and proline metabolism
G5SADrm,Arginine and proline metabolism
MTAP,Arginine and proline metabolism
NOS1,Arginine and proline metabolism
P5CRxm,Arginine and proline metabolism
PHCDm,Arginine and proline metabolism
PTRCAT1,Arginine and proline metabolism
r0145,Arginine and proline metabolism
HPROym,Arginine and proline metabolism
r0686,Arginine and proline metabolism
13DAMPPOX,Beta-Alanine metabolism
NBAHH_ir,Beta-Alanine metabolism
SPMDOX,Beta-Alanine metabolism
ASP1DC,Beta-Alanine metabolism
HMR_4079,Beta-Alanine metabolism
APAT2rm,Beta-Alanine metabolism
BAMPPALDOX,Beta-Alanine metabolism
ABUTD,Beta-Alanine metabolism
SMOX,Beta-Alanine metabolism
r0283,Beta-Alanine metabolism
AKR1C41,Bile acid synthesis
AKR1D,Bile acid synthesis
AMACR2p,Bile acid synthesis
AMACRp,Bile acid synthesis
BAAT1x,Bile acid synthesis
BAAT3x,Bile acid synthesis
CH25H,Bile acid synthesis
HSD17B42x_1,Bile acid synthesis
HSD17B4x,Bile acid synthesis
HSD3B7P,Bile acid synthesis
P45027A11m,Bile acid synthesis
P45027A13m,Bile acid synthesis
P45027A14m,Bile acid synthesis
P45027A15m,Bile acid synthesis
P45046A1r,Bile acid synthesis
P4507A1r,Bile acid synthesis
P4507B11r,Bile acid synthesis
P4507B12r,Bile acid synthesis
P4508B11r,Bile acid synthesis
SCP2x_1,Bile acid synthesis
VLCS2p,Bile acid synthesis
VLCSp,Bile acid synthesis
GMPS,Bile acid synthesis
r0573,Bile acid synthesis
r0629,Bile acid synthesis
r0630,Bile acid synthesis
r0650,Bile acid synthesis
r0672,Bile acid synthesis
r0688,Bile acid synthesis
r0698,Bile acid synthesis
r0706,Bile acid synthesis
r0743,Bile acid synthesis
r0744,Bile acid synthesis
r0750,Bile acid synthesis
r0797,Bile acid synthesis
RE1804M,Bile acid synthesis
RE1807C,Bile acid synthesis
RE2112R,Bile acid synthesis
RE1810M,Bile acid synthesis
RE1826C,Bile acid synthesis
RE1834M,Bile acid synthesis
RE1835C,Bile acid synthesis
RE1845C,Bile acid synthesis
RE2625M,Bile acid synthesis
RE2626M,Bile acid synthesis
RE2635C,Bile acid synthesis
RE2636C,Bile acid synthesis
RE2814M,Bile acid synthesis
RE2649M,Bile acid synthesis
RE3251C,Bile acid synthesis
RE3251M,Bile acid synthesis
RE3252C,Bile acid synthesis
RE3346M,Bile acid synthesis
7KLITCHOLc,Bile acid synthesis
HC02197c,Bile acid synthesis
HC02198c,Bile acid synthesis
DCHOLESTANCOAc,Bile acid synthesis
HC02195te,Bile acid synthesis
HC02196te,Bile acid synthesis
HMR_1738,Bile acid synthesis
HMR_1740,Bile acid synthesis
HMR_1746,Bile acid synthesis
HMR_1747,Bile acid synthesis
HMR_1748,Bile acid synthesis
HMR_1756,Bile acid synthesis
HMR_1762,Bile acid synthesis
HMR_1765,Bile acid synthesis
HMR_1767,Bile acid synthesis
HMR_1768,Bile acid synthesis
HMR_1771,Bile acid synthesis
HMR_1781,Bile acid synthesis
HMR_1783,Bile acid synthesis
HMR_1785,Bile acid synthesis
HMR_1786,Bile acid synthesis
HMR_1838,Bile acid synthesis
HMR_1627,Bile acid synthesis
HMR_1637,Bile acid synthesis
HMR_1653,Bile acid synthesis
HMR_1706,Bile acid synthesis
CA24GSr,Bile acid synthesis
CASULT,Bile acid synthesis
CDCA6AH,Bile acid synthesis
DCA24GSr,Bile acid synthesis
DCA3GSr,Bile acid synthesis
HDCA6GSc,Bile acid synthesis
GCASULT,Bile acid synthesis
GUDCASULT,Bile acid synthesis
HCA24GSr,Bile acid synthesis
LCA3GSr,Bile acid synthesis
TCASULT,Bile acid synthesis
HMR_1635,Bile acid synthesis
TCDCA6AH,Bile acid synthesis
TUDCASULT,Bile acid synthesis
3DHCAS,Bile acid synthesis
3DHCDCAS,Bile acid synthesis
3DHLCAS,Bile acid synthesis
ACOX22x,Bile acid synthesis
ACOX2x,Bile acid synthesis
AKR1C42,Bile acid synthesis
AKR1D2,Bile acid synthesis
BAAT2x,Bile acid synthesis
BAAT4x_cho,Bile acid synthesis
RE2112C,Bile acid synthesis
RE2625C,Bile acid synthesis
RE2626C,Bile acid synthesis
RE2635R,Bile acid synthesis
RE2636R,Bile acid synthesis
RE2637C,Bile acid synthesis
RE2637X,Bile acid synthesis
RE2638C,Bile acid synthesis
RE2649C,Bile acid synthesis
RE3346C,Bile acid synthesis
RE1796M,Bile acid synthesis
HSD3B7,Bile acid synthesis
RE1803C,Bile acid synthesis
RE1804C,Bile acid synthesis
RE1807M,Bile acid synthesis
RE1834C,Bile acid synthesis
RE1834X,Bile acid synthesis
RE1836C,Bile acid synthesis
SCP3x,Bile acid synthesis
BAAT5x,Bile acid synthesis
RE1846C,Bile acid synthesis
RE2814R,Bile acid synthesis
HC02195c,Bile acid synthesis
HC02196c,Bile acid synthesis
HC02194c,Bile acid synthesis
URSCHOLCOAc,Bile acid synthesis
HMR_1737,Bile acid synthesis
HMR_1739,Bile acid synthesis
HMR_1741,Bile acid synthesis
HMR_1742,Bile acid synthesis
HMR_1743,Bile acid synthesis
HMR_1749,Bile acid synthesis
HMR_1750,Bile acid synthesis
HMR_1751,Bile acid synthesis
HMR_1754,Bile acid synthesis
HMR_1760,Bile acid synthesis
HMR_1761,Bile acid synthesis
HMR_1766,Bile acid synthesis
HMR_1769,Bile acid synthesis
HMR_1770,Bile acid synthesis
HMR_1807,Bile acid synthesis
HMR_1834,Bile acid synthesis
HMR_1847,Bile acid synthesis
HMR_1681,Bile acid synthesis
HMR_1685,Bile acid synthesis
HMR_1735,Bile acid synthesis
CA24GSc,Bile acid synthesis
CDCA24GSc,Bile acid synthesis
CDCA24GSr,Bile acid synthesis
CDCA3GSc,Bile acid synthesis
CDCA3GSr,Bile acid synthesis
DCA24GSc,Bile acid synthesis
DCA3GSc,Bile acid synthesis
DCASULT,Bile acid synthesis
HDCA24GSc,Bile acid synthesis
HDCA24GSr,Bile acid synthesis
HDCA6GSr,Bile acid synthesis
LCA24GSc,Bile acid synthesis
LCA24GSr,Bile acid synthesis
LCA3GSc,Bile acid synthesis
LCASULT,Bile acid synthesis
TCDCASULT,Bile acid synthesis
TDCASULT,Bile acid synthesis
GCDCASULT,Bile acid synthesis
GDCASULT,Bile acid synthesis
HCA24GSc,Bile acid synthesis
HCA6GSc,Bile acid synthesis
HCA6GSr,Bile acid synthesis
UDCASULT,Bile acid synthesis
P45027A12m,Bile acid synthesis
P45027A16m,Bile acid synthesis
P45027A1m,Bile acid synthesis
P45039A1r,Bile acid synthesis
P4508B13r,Bile acid synthesis
SCPx,Bile acid synthesis
VLCS2r,Bile acid synthesis
VLCSr,Bile acid synthesis
r0651,Bile acid synthesis
r0739,Bile acid synthesis
r0741,Bile acid synthesis
r0747,Bile acid synthesis
r1025,Bile acid synthesis
3DHDCAS,Bile acid synthesis
BIOMASS_reaction,Biomass and maintenance functions
BIOMASS_maintenance,Biomass and maintenance functions
BIOMASS_maintenance_noTrTr,Biomass and maintenance functions
ATPM,Biomass and maintenance functions
APOCFm,Biotin metabolism
APOC_LYS_BTNP,Biotin metabolism
BACCL,Biotin metabolism
BTNDm,Biotin metabolism
BTNPL,Biotin metabolism
APOCF,Biotin metabolism
APOC_LYS_BTNPm,Biotin metabolism
BACCLm,Biotin metabolism
BTND1,Biotin metabolism
BTND1n,Biotin metabolism
BTNDe,Biotin metabolism
BTNPLm,Biotin metabolism
ABO1g,Blood group synthesis
ABO4g,Blood group synthesis
ABO5g,Blood group synthesis
ABO6g,Blood group synthesis
ABO7g,Blood group synthesis
ABO9g,Blood group synthesis
B3GALTg,Blood group synthesis
B3GNT11g,Blood group synthesis
B3GNT310g,Blood group synthesis
B3GNT315g,Blood group synthesis
B3GNT51g,Blood group synthesis
FUT15g,Blood group synthesis
FUT16g,Blood group synthesis
FUT32g,Blood group synthesis
FUT911g,Blood group synthesis
FUT91g,Blood group synthesis
FUT94g,Blood group synthesis
FUT96g,Blood group synthesis
FUT97g,Blood group synthesis
FUT99g,Blood group synthesis
ST3GAL61g,Blood group synthesis
ST3GAL31g,Blood group synthesis
ST8SIA56g,Blood group synthesis
HMR_8271,Blood group synthesis
ABO2g,Blood group synthesis
ABO3g,Blood group synthesis
ABO8g,Blood group synthesis
B3GNT12g,Blood group synthesis
B3GNT311g,Blood group synthesis
B3GNT312g,Blood group synthesis
B3GNT313g,Blood group synthesis
B3GNT314g,Blood group synthesis
HMR_8287,Blood group synthesis
FUT12g,Blood group synthesis
FUT14g,Blood group synthesis
FUT17g,Blood group synthesis
FUT18g,Blood group synthesis
FUT33g,Blood group synthesis
FUT34g,Blood group synthesis
FUT35g,Blood group synthesis
FUT910g,Blood group synthesis
FUT92g,Blood group synthesis
FUT93g,Blood group synthesis
FUT95g,Blood group synthesis
FUT98g,Blood group synthesis
GCNTg,Blood group synthesis
ST3GAL62g,Blood group synthesis
BDHm,Butanoate metabolism
3HBCDm,Butanoate metabolism
ACOAD1fm,Butanoate metabolism
ITCOALm,C5-branched dibasic acid metabolism
MECOALm,C5-branched dibasic acid metabolism
MECOAS1m,C5-branched dibasic acid metabolism
MESCOALm,C5-branched dibasic acid metabolism
MGACONm,C5-branched dibasic acid metabolism
CITMCOAHm,C5-branched dibasic acid metabolism
CITMCOALm,C5-branched dibasic acid metabolism
ITCOAL1m,C5-branched dibasic acid metabolism
C3STDH1r,Cholesterol metabolism
C4STMO1r,Cholesterol metabolism
C4STMO2Pr,Cholesterol metabolism
DMATTx,Cholesterol metabolism
HMGCOASm,Cholesterol metabolism
HMGLm,Cholesterol metabolism
HMGLx,Cholesterol metabolism
LSTO1r,Cholesterol metabolism
SQLEr,Cholesterol metabolism
SQLSr,Cholesterol metabolism
r0463,Cholesterol metabolism
HMGCOAR,Cholesterol metabolism
LNS14DMr,Cholesterol metabolism
RE3180C,Cholesterol metabolism
LCAT20e,Cholesterol metabolism
LCAT22e,Cholesterol metabolism
LCAT27e,Cholesterol metabolism
LCAT29e,Cholesterol metabolism
LCAT31e,Cholesterol metabolism
LCAT33e,Cholesterol metabolism
LCAT34e,Cholesterol metabolism
LCAT36e,Cholesterol metabolism
LCAT39e,Cholesterol metabolism
LCAT42e,Cholesterol metabolism
LCAT43e,Cholesterol metabolism
LCAT44e,Cholesterol metabolism
LCAT45e,Cholesterol metabolism
LCAT46e,Cholesterol metabolism
LCAT49e,Cholesterol metabolism
LCAT50e,Cholesterol metabolism
LCAT52e,Cholesterol metabolism
LCAT10e,Cholesterol metabolism
LCAT11e,Cholesterol metabolism
LCAT14e,Cholesterol metabolism
LCAT6e,Cholesterol metabolism
LCAT7e,Cholesterol metabolism
LCAT55e,Cholesterol metabolism
LCAT8e,Cholesterol metabolism
LCAT16e,Cholesterol metabolism
LCAT17e,Cholesterol metabolism
XOLEST182CEH,Cholesterol metabolism
XOLEST226CEH,Cholesterol metabolism
DMATT,Cholesterol metabolism
GRTT,Cholesterol metabolism
MVLACc,Cholesterol metabolism
HMR_1465,Cholesterol metabolism
SMO,Cholesterol metabolism
LNSTLS,Cholesterol metabolism
HMR_1479,Cholesterol metabolism
C3STDH1,Cholesterol metabolism
HMR_1502,Cholesterol metabolism
HMR_1503,Cholesterol metabolism
HMR_1505,Cholesterol metabolism
CHLSTI_1,Cholesterol metabolism
DSMSTOLR,Cholesterol metabolism
HMR_1536,Cholesterol metabolism
HMR_1538,Cholesterol metabolism
HMR_1539,Cholesterol metabolism
HMR_1543,Cholesterol metabolism
HMR_1547,Cholesterol metabolism
HMR_1549,Cholesterol metabolism
HMR_1550,Cholesterol metabolism
HMR_1551,Cholesterol metabolism
HMR_3625,Cholesterol metabolism
HMR_3626,Cholesterol metabolism
HMR_3630,Cholesterol metabolism
HMR_3636,Cholesterol metabolism
HMR_3637,Cholesterol metabolism
HMR_3639,Cholesterol metabolism
HMR_3695,Cholesterol metabolism
HMR_3696,Cholesterol metabolism
HMR_3703,Cholesterol metabolism
HMR_3708,Cholesterol metabolism
HMR_3709,Cholesterol metabolism
HMR_3710,Cholesterol metabolism
HMR_3712,Cholesterol metabolism
HMR_3713,Cholesterol metabolism
HMR_3714,Cholesterol metabolism
HMR_3640,Cholesterol metabolism
HMR_3644,Cholesterol metabolism
HMR_3647,Cholesterol metabolism
HMR_3715,Cholesterol metabolism
HMR_3716,Cholesterol metabolism
HMR_3719,Cholesterol metabolism
HMR_3650,Cholesterol metabolism
HMR_3722,Cholesterol metabolism
HMR_3656,Cholesterol metabolism
HMR_3657,Cholesterol metabolism
HMR_3658,Cholesterol metabolism
HMR_3723,Cholesterol metabolism
HMR_3725,Cholesterol metabolism
HMR_3727,Cholesterol metabolism
HMR_3662,Cholesterol metabolism
HMR_3728,Cholesterol metabolism
HMR_3734,Cholesterol metabolism
HMR_3736,Cholesterol metabolism
HMR_3664,Cholesterol metabolism
HMR_3665,Cholesterol metabolism
HMR_3666,Cholesterol metabolism
HMR_3667,Cholesterol metabolism
HMR_3739,Cholesterol metabolism
HMR_3670,Cholesterol metabolism
HMR_3675,Cholesterol metabolism
HMR_3681,Cholesterol metabolism
HMR_3682,Cholesterol metabolism
HMR_3685,Cholesterol metabolism
HMR_3686,Cholesterol metabolism
HMR_3688,Cholesterol metabolism
HMR_3694,Cholesterol metabolism
HMGCOARx,Cholesterol metabolism
C14STR,Cholesterol metabolism
HMR_1467,Cholesterol metabolism
HMR_1500,Cholesterol metabolism
ACACT1x,Cholesterol metabolism
C14STRr,Cholesterol metabolism
C3STDH1Pr,Cholesterol metabolism
C3STKR2r,Cholesterol metabolism
C4STMO2r,Cholesterol metabolism
DHCR241r,Cholesterol metabolism
DHCR242r,Cholesterol metabolism
DHCR243r,Cholesterol metabolism
DHCR71r,Cholesterol metabolism
DHCR72r,Cholesterol metabolism
DPMVDx,Cholesterol metabolism
EBP1r,Cholesterol metabolism
EBP2r,Cholesterol metabolism
RE2407C,Cholesterol metabolism
RE2410C,Cholesterol metabolism
LCAT12e,Cholesterol metabolism
LCAT13e,Cholesterol metabolism
LCAT54e,Cholesterol metabolism
LCAT15e,Cholesterol metabolism
CHOLESACATc_1,Cholesterol metabolism
LCAT18e,Cholesterol metabolism
LCAT19e,Cholesterol metabolism
LCAT21e,Cholesterol metabolism
LCAT23e,Cholesterol metabolism
LCAT25e,Cholesterol metabolism
LCAT2e,Cholesterol metabolism
LCAT30e,Cholesterol metabolism
LCAT32e,Cholesterol metabolism
LCAT35e,Cholesterol metabolism
LCAT37e,Cholesterol metabolism
LCAT38e,Cholesterol metabolism
LCAT3e,Cholesterol metabolism
LCAT40e,Cholesterol metabolism
LCAT41e,Cholesterol metabolism
LCAT56e,Cholesterol metabolism
LCAT47e,Cholesterol metabolism
LCAT48e,Cholesterol metabolism
LCAT4e,Cholesterol metabolism
LCAT51e,Cholesterol metabolism
LCAT53e,Cholesterol metabolism
LCAT57e,Cholesterol metabolism
LCAT5e,Cholesterol metabolism
LCAT9e,Cholesterol metabolism
XOLEST183CEH,Cholesterol metabolism
XOLEST205CEH,Cholesterol metabolism
HMR_3627,Cholesterol metabolism
HMR_3628,Cholesterol metabolism
HMR_3629,Cholesterol metabolism
HMR_3631,Cholesterol metabolism
HMR_3633,Cholesterol metabolism
HMR_3635,Cholesterol metabolism
HMR_3642,Cholesterol metabolism
HMR_3645,Cholesterol metabolism
HMR_3646,Cholesterol metabolism
HMR_3648,Cholesterol metabolism
HMR_3649,Cholesterol metabolism
HMR_3651,Cholesterol metabolism
HMR_3652,Cholesterol metabolism
HMR_3653,Cholesterol metabolism
HMR_3654,Cholesterol metabolism
HMR_3655,Cholesterol metabolism
HMR_3659,Cholesterol metabolism
HMR_3660,Cholesterol metabolism
HMR_3663,Cholesterol metabolism
HMR_3668,Cholesterol metabolism
HMR_3669,Cholesterol metabolism
HMR_3677,Cholesterol metabolism
HMR_3678,Cholesterol metabolism
HMR_3679,Cholesterol metabolism
HMR_3680,Cholesterol metabolism
HMR_3684,Cholesterol metabolism
HMR_3687,Cholesterol metabolism
HMR_3689,Cholesterol metabolism
HMR_3690,Cholesterol metabolism
HMR_3692,Cholesterol metabolism
HMR_1477,Cholesterol metabolism
HMR_1478,Cholesterol metabolism
HMR_1490,Cholesterol metabolism
HMR_1493,Cholesterol metabolism
HMR_1494,Cholesterol metabolism
HMR_1495,Cholesterol metabolism
HMR_1504,Cholesterol metabolism
HMR_1509,Cholesterol metabolism
HMR_1516,Cholesterol metabolism
HMR_1540,Cholesterol metabolism
HMR_1544,Cholesterol metabolism
HMR_1545,Cholesterol metabolism
HMR_1546,Cholesterol metabolism
HMR_1548,Cholesterol metabolism
HMR_1552,Cholesterol metabolism
HMR_1557,Cholesterol metabolism
LTHSTRLOR,Cholesterol metabolism
HMR_1565,Cholesterol metabolism
HMR_3698,Cholesterol metabolism
HMR_3699,Cholesterol metabolism
HMR_3701,Cholesterol metabolism
HMR_3704,Cholesterol metabolism
HMR_3705,Cholesterol metabolism
HMR_3706,Cholesterol metabolism
HMR_3707,Cholesterol metabolism
HMR_3711,Cholesterol metabolism
HMR_3717,Cholesterol metabolism
HMR_3718,Cholesterol metabolism
HMR_3721,Cholesterol metabolism
HMR_3724,Cholesterol metabolism
HMR_3726,Cholesterol metabolism
HMR_3729,Cholesterol metabolism
HMR_3737,Cholesterol metabolism
HMR_3738,Cholesterol metabolism
HMR_3740,Cholesterol metabolism
HMR_3741,Cholesterol metabolism
GRTTx,Cholesterol metabolism
HMGCOAS,Cholesterol metabolism
IPDDIx,Cholesterol metabolism
LNS14DM,Cholesterol metabolism
LNSTLSr,Cholesterol metabolism
LSTO2r,Cholesterol metabolism
MEVK1x,Cholesterol metabolism
P450SCC1m,Cholesterol metabolism
PMEVKx,Cholesterol metabolism
SOAT12,Cholesterol metabolism
r0170,Cholesterol metabolism
r0321,Cholesterol metabolism
r0575,Cholesterol metabolism
r0783,Cholesterol metabolism
r1380,Cholesterol metabolism
RE3134C,Cholesterol metabolism
CHLSTD78I,Cholesterol metabolism
RE3181C,Cholesterol metabolism
CSAPASEly,Chondroitin sulfate degradation
CSCPASEly,Chondroitin sulfate degradation
CSEPASEly,Chondroitin sulfate degradation
GLCAASE4ly,Chondroitin sulfate degradation
GLCAASE6ly,Chondroitin sulfate degradation
GLCAASE7ly,Chondroitin sulfate degradation
IDOAASE4ly,Chondroitin sulfate degradation
LINKDEG2ly,Chondroitin sulfate degradation
LINKDEG3ly,Chondroitin sulfate degradation
NACHEX1ly,Chondroitin sulfate degradation
NACHEX3ly,Chondroitin sulfate degradation
NACHEX5ly,Chondroitin sulfate degradation
NACHEX6ly,Chondroitin sulfate degradation
NACHEX7ly,Chondroitin sulfate degradation
NACHEX8ly,Chondroitin sulfate degradation
NACHEX9ly,Chondroitin sulfate degradation
NACHEXA2ly,Chondroitin sulfate degradation
NACHEXA3ly,Chondroitin sulfate degradation
NACHEXA4ly,Chondroitin sulfate degradation
NACHEXA5ly,Chondroitin sulfate degradation
NACHEXA7ly,Chondroitin sulfate degradation
S2TASE3ly,Chondroitin sulfate degradation
S2TASE5ly,Chondroitin sulfate degradation
S4TASE1ly,Chondroitin sulfate degradation
S4TASE2ly,Chondroitin sulfate degradation
S4TASE3ly,Chondroitin sulfate degradation
S4TASE4ly,Chondroitin sulfate degradation
S6TASE5ly,Chondroitin sulfate degradation
S6TASE6ly,Chondroitin sulfate degradation
S6TASE8ly,Chondroitin sulfate degradation
CSBPASEly,Chondroitin sulfate degradation
CSDPASEly,Chondroitin sulfate degradation
GLCAASE5ly,Chondroitin sulfate degradation
LINKDEG4ly,Chondroitin sulfate degradation
NACHEX2ly,Chondroitin sulfate degradation
NACHEX4ly,Chondroitin sulfate degradation
NACHEXA1ly,Chondroitin sulfate degradation
NACHEXA6ly,Chondroitin sulfate degradation
NACHEXA8ly,Chondroitin sulfate degradation
S2TASE4ly,Chondroitin sulfate degradation
S4TASE5ly,Chondroitin sulfate degradation
S6TASE4ly,Chondroitin sulfate degradation
S6TASE7ly,Chondroitin sulfate degradation
S6TASE9ly,Chondroitin sulfate degradation
GALNACT1g,Chondroitin synthesis
GALNACT2g,Chondroitin synthesis
GALNACT3g,Chondroitin synthesis
GALNACT4g,Chondroitin synthesis
GALNACT5g,Chondroitin synthesis
GALT2g,Chondroitin synthesis
GLCAT4g,Chondroitin synthesis
GLCAT5g,Chondroitin synthesis
GLCAT6g,Chondroitin synthesis
GLCAT7g,Chondroitin synthesis
GLCAT8g,Chondroitin synthesis
GLCNACDASg,Chondroitin synthesis
GLCNACT2g,Chondroitin synthesis
GLCNACT5g,Chondroitin synthesis
S2T1g,Chondroitin synthesis
S2T3g,Chondroitin synthesis
S2T4g,Chondroitin synthesis
S4T2g,Chondroitin synthesis
S4T3g,Chondroitin synthesis
S4T4g,Chondroitin synthesis
S4T5g,Chondroitin synthesis
S4T6g,Chondroitin synthesis
S6T20g,Chondroitin synthesis
S6T21g,Chondroitin synthesis
S6T24g,Chondroitin synthesis
S6T25g,Chondroitin synthesis
XYLTer,Chondroitin synthesis
GALTg,Chondroitin synthesis
GLCAE1g,Chondroitin synthesis
GLCAE2g,Chondroitin synthesis
GLCAT2g,Chondroitin synthesis
GLCAT3g,Chondroitin synthesis
GLCAT9g,Chondroitin synthesis
GLCATg,Chondroitin synthesis
GLCNACT1g,Chondroitin synthesis
GLCNACT3g,Chondroitin synthesis
GLCNACT4g,Chondroitin synthesis
S2T2g,Chondroitin synthesis
S3T1g,Chondroitin synthesis
S3T2g,Chondroitin synthesis
S3T3g,Chondroitin synthesis
S4T1g,Chondroitin synthesis
S6T19g,Chondroitin synthesis
S6T22g,Chondroitin synthesis
S6T23g,Chondroitin synthesis
ACONTm,Citric acid cycle
ICDHyr,Citric acid cycle
ICDHyp,Citric acid cycle
SUCD1m,Citric acid cycle
MDHp,Citric acid cycle
CITL,Citric acid cycle
MDH,Citric acid cycle
ACONT,Citric acid cycle
ACITL,Citric acid cycle
AKGDm,Citric acid cycle
CSm,Citric acid cycle
FUM,Citric acid cycle
FUMm,Citric acid cycle
ICDHxm,Citric acid cycle
ICDHym,Citric acid cycle
MDHm,Citric acid cycle
SUCOAS1m,Citric acid cycle
SUCOASm,Citric acid cycle
ALATA_Lm,Citric acid cycle
r0509,Citric acid cycle
LAPCOAl,CoA catabolism
PNTEH,CoA catabolism
LAPCOAe,CoA catabolism
PAN4PP,CoA catabolism
r0579,CoA synthesis
DPCOAPP,CoA synthesis
PNTK,CoA synthesis
PTPATi,CoA synthesis
PAN4PPe,CoA synthesis
DPCOAPPe,CoA synthesis
DPCOAK,CoA synthesis
PPCDC,CoA synthesis
PPNCL3,CoA synthesis
PPNCL2,CoA synthesis
DPCOAKm,CoA synthesis
APNPT,CoA synthesis
PTPATim,CoA synthesis
r0596,CoA synthesis
4NPHSULT,Cytochrome metabolism
FAH1,Cytochrome metabolism
FAH2,Cytochrome metabolism
P4502A6,Cytochrome metabolism
P4502C18,Cytochrome metabolism
P4502C8,Cytochrome metabolism
P4502D6,Cytochrome metabolism
P4502E1,Cytochrome metabolism
P4503A4,Cytochrome metabolism
P4504F123r,Cytochrome metabolism
FAH3_1,Cytochrome metabolism
P4502C19,Cytochrome metabolism
P4502C9,Cytochrome metabolism
P4502F1,Cytochrome metabolism
P4503A5,Cytochrome metabolism
PYRt2p,D-alanine metabolism
DALAOXx,D-alanine metabolism
DALAxt,D-alanine metabolism
BGLUTDECHOe,Dietary fiber binding
GUMDCHAe,Dietary fiber binding
GUMGCHLe,Dietary fiber binding
GUMTCHOLe,Dietary fiber binding
PECGCHLe,Dietary fiber binding
PSYGCHe,Dietary fiber binding
BGLUGCHe,Dietary fiber binding
BGLUTCHLe,Dietary fiber binding
PECDCHe,Dietary fiber binding
PECTCHLe,Dietary fiber binding
PSYTCHe,Dietary fiber binding
PSYTDECHe,Dietary fiber binding
12HTACRtep,Drug metabolism
1331TAALThr,Drug metabolism
1331TACRhr,Drug metabolism
1331TACRteb,Drug metabolism
13DMThr,Drug metabolism
13DMTtu,Drug metabolism
3HPVSTETteb,Drug metabolism
3HPVSTETtev,Drug metabolism
3HPVSteb,Drug metabolism
3HPVStep,Drug metabolism
13DMTtep,Drug metabolism
14HMDZALThr,Drug metabolism
14HMDZhr,Drug metabolism
1513DTALThr,Drug metabolism
3HSMVACIDhep,Drug metabolism
3HSMVhep,Drug metabolism
3ISPVShc,Drug metabolism
3ISPVSteb,Drug metabolism
4BHGLZhr,Drug metabolism
1513DTACRhr,Drug metabolism
1513TACRtu,Drug metabolism
1531TACRtev,Drug metabolism
1531TALThr,Drug metabolism
15DMThr,Drug metabolism
4BHGLZtev,Drug metabolism
4HATVACIDhc,Drug metabolism
15DMTtu,Drug metabolism
1HIBUP_Sthv,Drug metabolism
1HMDGLUChr,Drug metabolism
2HATVACIDOXDhc,Drug metabolism
2HATVACIDthc,Drug metabolism
2HATVLACGLUChr,Drug metabolism
2HATVLACGLUCteb,Drug metabolism
2HATVLACOXDhc,Drug metabolism
2HATVLACthc,Drug metabolism
4HATVLACOXDhc,Drug metabolism
56DHPVShc,Drug metabolism
56DHPVStev,Drug metabolism
56EPPVStev,Drug metabolism
5OHFVSGLUhc,Drug metabolism
5OHFVShc,Drug metabolism
5OHFVSteb,Drug metabolism
6AHGLZABCt,Drug metabolism
6AHGLZhr,Drug metabolism
6BHGLZABCt,Drug metabolism
6CSMVACIDhep,Drug metabolism
6CSMVACIDteb,Drug metabolism
2HIBUPGLUC_Sthv,Drug metabolism
31DMThr,Drug metabolism
31DMTtu,Drug metabolism
31DMTtep,Drug metabolism
35DHPVShc,Drug metabolism
35DHPVStep,Drug metabolism
6EPVShc,Drug metabolism
6HLVSTAChep,Drug metabolism
6HLVSTthep,Drug metabolism
6HMSMVACIDhep,Drug metabolism
35DHPVSthc,Drug metabolism
3HIBUPGLUC_Sthv,Drug metabolism
3HIBUP_Rthv,Drug metabolism
3HIBUP_Sthv,Drug metabolism
6HMSMVhep,Drug metabolism
6HSMVACIDhep,Drug metabolism
6MELACAChep,Drug metabolism
6MELVSTthep,Drug metabolism
3HLVSTACtbc,Drug metabolism
6OHFVSGLUtev,Drug metabolism
6OHFVShc,Drug metabolism
7AHGLZtev,Drug metabolism
7BHGLZABCt,Drug metabolism
ATVLAChc,Drug metabolism
ATVLACtdhc,Drug metabolism
Am1CSAteb,Drug metabolism
CARBIBUP_SGLUthv,Drug metabolism
CARIBUP_Rthv,Drug metabolism
7BHGLZGLCABCt,Drug metabolism
7BHGLZGLChr,Drug metabolism
7BHGLZGLCtev,Drug metabolism
7HPVSteb,Drug metabolism
CRGLZABCt,Drug metabolism
CRGLZhr,Drug metabolism
7HPVStev,Drug metabolism
ALLOP2tu,Drug metabolism
CRVS1M24hc,Drug metabolism
ACMPtu,Drug metabolism
ACMPGLUChr,Drug metabolism
ACMPGLUTdt,Drug metabolism
CRVS23M24hc,Drug metabolism
CRVSATPthc,Drug metabolism
CRVSM1hc,Drug metabolism
CRVSM22hc,Drug metabolism
ACMPGLUTthc,Drug metabolism
ACMPGLUthc,Drug metabolism
AM19CShr,Drug metabolism
AM19CSteb,Drug metabolism
AM1A4NCSteb,Drug metabolism
AM1ACCStev,Drug metabolism
AM1ACShr,Drug metabolism
CRVSM23hc,Drug metabolism
CRVSM23hr,Drug metabolism
CRVSM23tev,Drug metabolism
CRVSM24teb,Drug metabolism
CRVSM31hc,Drug metabolism
CSAtd,Drug metabolism
CVM1GLUChc,Drug metabolism
AM1ACSteb,Drug metabolism
AM1ALCShr,Drug metabolism
AM1ALCSteb,Drug metabolism
AM1ALCStep,Drug metabolism
CYSAMPtev,Drug metabolism
AM1C4N9CShc,Drug metabolism
DELACCRVSM23hc,Drug metabolism
AM1C4N9CSteb,Drug metabolism
AM1C9CShr,Drug metabolism
AM1C9CSteb,Drug metabolism
AM1C9CStev,Drug metabolism
AM1CCShr,Drug metabolism
AM1CCSteb,Drug metabolism
DEOXFVShc,Drug metabolism
DEOXFVStev,Drug metabolism
AM1CGLChr,Drug metabolism
AM1CSAtep,Drug metabolism
AM4N9CShc,Drug metabolism
AM4N9CStev,Drug metabolism
AM4NC9CSteb,Drug metabolism
AM4NCShr,Drug metabolism
AM4NCSteb,Drug metabolism
AM4NCStep,Drug metabolism
ATVACIDOATPtu,Drug metabolism
ATVACIDtdu,Drug metabolism
ATVACIDtu,Drug metabolism
ATVLACGLCURhc,Drug metabolism
DESFVSteb,Drug metabolism
DHGLZABCt,Drug metabolism
DHGLZhc,Drug metabolism
DSPVSteb,Drug metabolism
EPOXTACteb,Drug metabolism
EPOXTACtev,Drug metabolism
FVSGLUChc,Drug metabolism
FVSTETGLUhc,Drug metabolism
FVSTETGLUtev,Drug metabolism
FVSTETtev,Drug metabolism
FVShc,Drug metabolism
FVStep,Drug metabolism
GLZABCteb,Drug metabolism
GTACMPhr,Drug metabolism
GTACMPtev,Drug metabolism
IBUPGT_HEP,Drug metabolism
IBUP_RCYP2hep,Drug metabolism
IBUP_RCYPCARhep,Drug metabolism
IBUP_Rtdu,Drug metabolism
IBUP_SCONJhep,Drug metabolism
IBUP_SCYP1hep,Drug metabolism
IBUP_SCYP2hep,Drug metabolism
IBUP_SCYPCARhep,Drug metabolism
IBUP_Stbc,Drug metabolism
ISOLVSTAChep,Drug metabolism
ISOLVSTtbc,Drug metabolism
LST4EXPTDhc,Drug metabolism
LST4EXPthc,Drug metabolism
LSTN1GLUCtev,Drug metabolism
LSTNtu,Drug metabolism
LSTNM1hr,Drug metabolism
LSTNM1tev,Drug metabolism
PVStep,Drug metabolism
RSVATPtu,Drug metabolism
RSVLAChv,Drug metabolism
LSTNM2hr,Drug metabolism
LSTNM2tev,Drug metabolism
RSVSPONhc,Drug metabolism
RSVhc,Drug metabolism
LSTNM4hr,Drug metabolism
LSTNM4tev,Drug metabolism
RSVtu,Drug metabolism
S3MEACMPhc,Drug metabolism
LSTNM5hr,Drug metabolism
S3MEACMPtev,Drug metabolism
LSTNM5tev,Drug metabolism
SMVACIDhep,Drug metabolism
LSTNM7thc,Drug metabolism
SMVtu,Drug metabolism
LSTNRATt,Drug metabolism
LVACLAChep,Drug metabolism
LVSTACIDhep,Drug metabolism
SMVLAChep,Drug metabolism
SMVtv,Drug metabolism
SULPACMPtev,Drug metabolism
THRFVStev,Drug metabolism
TLACFVStev,Drug metabolism
TMDM1OATt,Drug metabolism
TMDM1hr,Drug metabolism
TMDM3OATt,Drug metabolism
LVSTACOXD6MEhep,Drug metabolism
LVSTOXD3Hhep,Drug metabolism
LVSTOXD6Hhep,Drug metabolism
MDZtu,Drug metabolism
MERACMPthc,Drug metabolism
MHGLZhr,Drug metabolism
NDERSVhc,Drug metabolism
NFDDMEThr,Drug metabolism
TMDM5OATt,Drug metabolism
TMDOATtev,Drug metabolism
TMDtd,Drug metabolism
TRIPVShc,Drug metabolism
TRIPVSteb,Drug metabolism
TSACGLUCtev,Drug metabolism
NFDNPYtep,Drug metabolism
NFDOHtep,Drug metabolism
NFDOXDhc,Drug metabolism
NFDtd,Drug metabolism
13HTACRitr,Drug metabolism
OXYP1CONJ,Drug metabolism
6AHGLZitr,Drug metabolism
OXYP2CONJ,Drug metabolism
OXYPR1tehv,Drug metabolism
PROFVStev,Drug metabolism
PTVSTATPtu,Drug metabolism
PTVSTM13hr,Drug metabolism
PTVSTtep,Drug metabolism
PVSGLUCtev,Drug metabolism
H2O2ter,Drug metabolism
1HIBUP_Sitr,Drug metabolism
2HIBUP_Sitr,Drug metabolism
2HIBUPGLUC_Sitr,Drug metabolism
PAPSitr,Drug metabolism
6BHGLZGLCitr,Drug metabolism
SMVitr,Drug metabolism
6BHGLZitr,Drug metabolism
3HIBUPGLUC_Sitr,Drug metabolism
3HPVSitr,Drug metabolism
3HPVSTETCOAitm,Drug metabolism
3HPVSTETCOAitx,Drug metabolism
7BHGLZitr,Drug metabolism
MHGLZitr,Drug metabolism
3ISPVSitr,Drug metabolism
3HIBUP_Sitr,Drug metabolism
6CSMVitr,Drug metabolism
FVSitr,Drug metabolism
3MEACMPitr,Drug metabolism
3OHACMPitr,Drug metabolism
AM9CSAitr,Drug metabolism
4HATVACIDitr,Drug metabolism
6HLVSTitr,Drug metabolism
4OHMDZitr,Drug metabolism
2HATVACIDitr,Drug metabolism
56EPPVSitr,Drug metabolism
6HLVSTACIDitr,Drug metabolism
6HMSMVitr,Drug metabolism
6MELVACIDitr,Drug metabolism
6MELVSTitr,Drug metabolism
6OHFVSitr,Drug metabolism
7AHGLZitr,Drug metabolism
7BHGLZGLCitr,Drug metabolism
7HPVSitr,Drug metabolism
ACMPitr,Drug metabolism
AM19CSitr,Drug metabolism
AM1ACSitr,Drug metabolism
AM1ALCSitr,Drug metabolism
AM1CGLCitr,Drug metabolism
CARIBUPGLU_Sitr,Drug metabolism
CRVSM22itr,Drug metabolism
CSAitr,Drug metabolism
DEOXFVSitx,Drug metabolism
FVSitx,Drug metabolism
GLC3MEACPitr,Drug metabolism
GLZitr,Drug metabolism
GTACMPitr,Drug metabolism
IBUP_Ritr,Drug metabolism
IBUP_Sitr,Drug metabolism
LSTN1GLUCitr,Drug metabolism
LSTNM1itr,Drug metabolism
LSTNM2itr,Drug metabolism
LSTNM5itr,Drug metabolism
LSTNM7itr,Drug metabolism
MDZitr,Drug metabolism
MDZGLCitr,Drug metabolism
NDERSVitr,Drug metabolism
NFDOHitr,Drug metabolism
PTVSTM13itr,Drug metabolism
PVSGLUCitr,Drug metabolism
TACRitr,Drug metabolism
THSACMPitr,Drug metabolism
TMACMPitr,Drug metabolism
TMDitr,Drug metabolism
TMDM3itr,Drug metabolism
TSACMGLUCitr,Drug metabolism
3HPVSCOAhc,Drug metabolism
3HPVSTEThc,Drug metabolism
1OHMDZitr,Drug metabolism
3HPVShc,Drug metabolism
3HPVSthc,Drug metabolism
3HSMVACIDteb,Drug metabolism
3ISPVStep,Drug metabolism
3ISPVSthc,Drug metabolism
3MEACMPhc,Drug metabolism
3OHACMPhr,Drug metabolism
3OHACMPtev,Drug metabolism
4BHGLZABCt,Drug metabolism
4HATVACIDOXDhc,Drug metabolism
4HATVACIDteb,Drug metabolism
4HATVACIDtep,Drug metabolism
4HATVACIDthc,Drug metabolism
4HATVLAChc,Drug metabolism
4HATVLACteb,Drug metabolism
4HATVLACtep,Drug metabolism
4HATVLACthc,Drug metabolism
4HMDGLUCtev,Drug metabolism
4HMDZGLUChr,Drug metabolism
4OHMDZhr,Drug metabolism
4OHMDZtev,Drug metabolism
56DHPVSteb,Drug metabolism
56EPPVShc,Drug metabolism
56EPPVSteb,Drug metabolism
5OHFVSGLUtev,Drug metabolism
6AHGLZtev,Drug metabolism
6BHGLZGLCABCt,Drug metabolism
6BHGLZGLChr,Drug metabolism
6BHGLZGLCtev,Drug metabolism
6BHGLZhr,Drug metabolism
6BHGLZtev,Drug metabolism
6CSMVhep,Drug metabolism
6EPSteb,Drug metabolism
6EPVStep,Drug metabolism
6EPVSthc,Drug metabolism
6HMSMVACIDteb,Drug metabolism
6HSMVACIDteb,Drug metabolism
6HSMVhep,Drug metabolism
6MELVACtbc,Drug metabolism
ATVLAChr,Drug metabolism
ATVLACtu,Drug metabolism
Am19CStev,Drug metabolism
CARIBUP_SGLUhep,Drug metabolism
CARIBUP_Sthv,Drug metabolism
CRGLZtev,Drug metabolism
CRVS1tev,Drug metabolism
CRVSATPtu,Drug metabolism
CRVSM1SPhc,Drug metabolism
CRVSM1hr,Drug metabolism
CRVSM1teb,Drug metabolism
CRVSM23teb,Drug metabolism
CRVSM24tev,Drug metabolism
CRVStu,Drug metabolism
CRVSthc,Drug metabolism
CSASULPhc,Drug metabolism
CSASULPteb,Drug metabolism
CSASULPtev,Drug metabolism
CSAtu,Drug metabolism
CVM23GLUChc,Drug metabolism
CYSACMPAChc,Drug metabolism
DESFVShc,Drug metabolism
DHGLZtev,Drug metabolism
DSPVShc,Drug metabolism
DSPVStev,Drug metabolism
EPOXTAChr,Drug metabolism
12HTACRhr,Drug metabolism
12HTACRtu,Drug metabolism
1331TACRtev,Drug metabolism
14MDZtev,Drug metabolism
1513TACRtep,Drug metabolism
1531TACRhr,Drug metabolism
1531TACRteb,Drug metabolism
15DMTtep,Drug metabolism
1HIBUPGLUC_Sthv,Drug metabolism
1HIBUP_SGLUhep,Drug metabolism
1HMDZGLUChc,Drug metabolism
1OHMDZhr,Drug metabolism
1OHMDZtep,Drug metabolism
2HATVLAChc,Drug metabolism
2HATVACIDGLUChr,Drug metabolism
2HATVACIDGLUCteb,Drug metabolism
2HATVACIDhc,Drug metabolism
2HATVACIDteb,Drug metabolism
2HATVACIDtep,Drug metabolism
2HATVLACteb,Drug metabolism
2HATVLACtep,Drug metabolism
2HIBUP_Rthv,Drug metabolism
2HIBUP_SGLUhep,Drug metabolism
2HIBUP_Sthv,Drug metabolism
35DSMVhep,Drug metabolism
35DSMVteb,Drug metabolism
3HIBUP_SGLUhep,Drug metabolism
3HLVSTAChep,Drug metabolism
3HPVSTETCOAhcm,Drug metabolism
3HPVSTETCOAhcx,Drug metabolism
6MSMVhep,Drug metabolism
6OHFVSGLUhc,Drug metabolism
6OHFVSteb,Drug metabolism
7AHGLZABCt,Drug metabolism
7AHGLZhr,Drug metabolism
7BHGLZhr,Drug metabolism
7BHGLZtev,Drug metabolism
7HPVShc,Drug metabolism
ACMPGLUTtep,Drug metabolism
ACMPGLUtep,Drug metabolism
ACMPShc,Drug metabolism
ACMPdt,Drug metabolism
ACMPthc,Drug metabolism
FVSteb,Drug metabolism
FVStu,Drug metabolism
GLC3MEACPhr,Drug metabolism
GLC3MEACPtev,Drug metabolism
GLZtd,Drug metabolism
IBUPGLUCtchep,Drug metabolism
IBUPGLUCtpvb,Drug metabolism
IBUP_RASCL1hep,Drug metabolism
IBUP_RCYP3hep,Drug metabolism
IBUP_Rshep,Drug metabolism
IBUP_Rtdhep,Drug metabolism
IBUP_SACOT2,Drug metabolism
IBUP_SCYP3hep,Drug metabolism
IBUP_Stdhep,Drug metabolism
IBUP_Stdu,Drug metabolism
RSVGLUChc,Drug metabolism
RSVLACteb,Drug metabolism
RSVtev,Drug metabolism
SMVACIDATPteb,Drug metabolism
SMVACIDtev,Drug metabolism
SMVGLUCLAChep,Drug metabolism
SMVGLUChep,Drug metabolism
SMVHYDROhep,Drug metabolism
SMVthep,Drug metabolism
STACMPhc,Drug metabolism
STACMPtev,Drug metabolism
TACRDtsc,Drug metabolism
TACRtu,Drug metabolism
TAURIBUP_Sthv,Drug metabolism
THRFVShc,Drug metabolism
THSACMPhr,Drug metabolism
TLACFVShc,Drug metabolism
TMDM3hr,Drug metabolism
TMDM5hr,Drug metabolism
TMDOATPtsc,Drug metabolism
TMDOATthc,Drug metabolism
TRIPVStev,Drug metabolism
TSACMGLUChr,Drug metabolism
TSACMSULhc,Drug metabolism
TSACMSULtev,Drug metabolism
12HTACRitr,Drug metabolism
14HMDZitr,Drug metabolism
1513TACRitr,Drug metabolism
1531TACRitr,Drug metabolism
1HIBUPGLUitr,Drug metabolism
1HMDGLUCitr,Drug metabolism
2HATVACIDGLUCitr,Drug metabolism
2HATVLACGLUCitr,Drug metabolism
2HIBUP_Ritr,Drug metabolism
35DHPVSitr,Drug metabolism
35DSMVitr,Drug metabolism
3HIBUP_Ritr,Drug metabolism
3HLVSTitr,Drug metabolism
3HPVSCOAitm,Drug metabolism
3HPVSCOAitx,Drug metabolism
3HSMVitr,Drug metabolism
4BHGLZitr,Drug metabolism
4HATVLACitr,Drug metabolism
4HMDGLUCitr,Drug metabolism
56DHPVSitr,Drug metabolism
5OHFVSitr,Drug metabolism
ALLOP1tu,Drug metabolism
ALLOPOXDhep,Drug metabolism
ALLOPtepvb,Drug metabolism
AM19CSALThr,Drug metabolism
AM1A4NCShc,Drug metabolism
AM1ACCShr,Drug metabolism
AM1ACStep,Drug metabolism
AM1CCStev,Drug metabolism
AM1CGLCteb,Drug metabolism
AM1CSAhr,Drug metabolism
AM4N9CShr,Drug metabolism
AM9CSAhr,Drug metabolism
AM9CSAteb,Drug metabolism
AM9CSAtep,Drug metabolism
ATVACIDMCTtu,Drug metabolism
ATVACIDhc,Drug metabolism
ATVACIDhr,Drug metabolism
ATVACYLGLUChc,Drug metabolism
ATVETHGLUChc,Drug metabolism
ATVLACThc,Drug metabolism
ATVLACh2r,Drug metabolism
LST4EXPhr,Drug metabolism
LSTN1GLUChr,Drug metabolism
LSTNM7TDhc,Drug metabolism
LSTNM7hr,Drug metabolism
LSTNtd,Drug metabolism
LVSTACIDtu,Drug metabolism
LVSTACOXD6Hhep,Drug metabolism
LVSTOXD6METhep,Drug metabolism
LVSTPGPtu,Drug metabolism
LVSTtu,Drug metabolism
MDZGLCtev,Drug metabolism
MDZtd,Drug metabolism
MERACMPtep,Drug metabolism
MHGLZABCt,Drug metabolism
MHGLZtev,Drug metabolism
NDERSVteb,Drug metabolism
NFDACOXDhc,Drug metabolism
NFDACtep,Drug metabolism
NFDLAChc,Drug metabolism
NFDLACtep,Drug metabolism
OXYPR7tehv,Drug metabolism
OXYPthc,Drug metabolism
OXYPtepv,Drug metabolism
PROFVSCOAhc,Drug metabolism
PROFVShc,Drug metabolism
PTVSTGLUChc,Drug metabolism
PTVSTLAChc,Drug metabolism
PTVSTLACtev,Drug metabolism
PTVSTM3eb,Drug metabolism
PTVSTM3hc,Drug metabolism
PTVSThc,Drug metabolism
PTVSTtu,Drug metabolism
PVSATPtu,Drug metabolism
PVSGLUChc,Drug metabolism
PVSGLUCteb,Drug metabolism
PVSHtu,Drug metabolism
PVSOATPtu,Drug metabolism
NFDACitr,Drug metabolism
ACMPGLUTitr,Drug metabolism
NAPQIhr,Drug metabolism
UDPRIBc,Drug metabolism
GLYitr,Drug metabolism
PAPitr,Drug metabolism
13DMTitr,Drug metabolism
15DMTitr,Drug metabolism
ATVACIDitr,Drug metabolism
ATVLACitr,Drug metabolism
31DMTitr,Drug metabolism
AM1CCSitr,Drug metabolism
LST4EXPitr,Drug metabolism
RSVitr,Drug metabolism
TRIPVSitr,Drug metabolism
SMVACIDitr,Drug metabolism
PTVSTitr,Drug metabolism
AM1CSAitr,Drug metabolism
5OHFVSGLUitr,Drug metabolism
6HSMVitr,Drug metabolism
6OHFVSGLUitr,Drug metabolism
ACMPGLUitr,Drug metabolism
AM1ACCSitr,Drug metabolism
AM1C9CSitr,Drug metabolism
AM4N9CSitr,Drug metabolism
AM4NCSitr,Drug metabolism
CARIBUP_Sitr,Drug metabolism
CRGLZitr,Drug metabolism
CRVSitr,Drug metabolism
CRVSM24itr,Drug metabolism
CRVSM31itr,Drug metabolism
DESFVSitr,Drug metabolism
DSPVSitr,Drug metabolism
EPOXTACitr,Drug metabolism
FVSCOAitx,Drug metabolism
FVSTETitr,Drug metabolism
FVSTETGLUitr,Drug metabolism
IBUPGLUCitr,Drug metabolism
LSTNitr,Drug metabolism
LSTNM4itr,Drug metabolism
LVSTitr,Drug metabolism
LVSTACIDitr,Drug metabolism
NFDNPYitr,Drug metabolism
PROFVSCOAitx,Drug metabolism
PTVSTLACitr,Drug metabolism
PTVSTM13te,Drug metabolism
PTVSTM3itr,Drug metabolism
PVSitr,Drug metabolism
RSVLACitr,Drug metabolism
TLACFVSitr,Drug metabolism
TMDM1itr,Drug metabolism
TMDM5itr,Drug metabolism
ACMPGLUTTRsc,Drug metabolism
FVSCOAhc,Drug metabolism
MDZGLChr,Drug metabolism
TMACMPhr,Drug metabolism
CYSACMPitr,Drug metabolism
ALOX15,Eicosanoid metabolism
CBR2,Eicosanoid metabolism
LTC4CP,Eicosanoid metabolism
LTC4Sr,Eicosanoid metabolism
P4504F122r,Eicosanoid metabolism
P4504F81r,Eicosanoid metabolism
P450LTB4r,Eicosanoid metabolism
PGDI,Eicosanoid metabolism
RE1978C,Eicosanoid metabolism
RE2069C,Eicosanoid metabolism
RE2078M,Eicosanoid metabolism
RE2080C,Eicosanoid metabolism
RE3010C,Eicosanoid metabolism
RE3010X,Eicosanoid metabolism
RE3011R,Eicosanoid metabolism
RE3014R,Eicosanoid metabolism
RE3016R,Eicosanoid metabolism
RE3017R,Eicosanoid metabolism
RE3432C,Eicosanoid metabolism
RE3434C,Eicosanoid metabolism
RE3436C,Eicosanoid metabolism
RE3437C,Eicosanoid metabolism
RE3485C,Eicosanoid metabolism
RE3486C,Eicosanoid metabolism
RE3488C,Eicosanoid metabolism
RE3490C,Eicosanoid metabolism
RE3307C,Eicosanoid metabolism
RE3491C,Eicosanoid metabolism
RE3524R,Eicosanoid metabolism
RE3565C,Eicosanoid metabolism
RE3566C,Eicosanoid metabolism
RE3567C,Eicosanoid metabolism
RE3421R,Eicosanoid metabolism
RE3422C,Eicosanoid metabolism
RE3570C,Eicosanoid metabolism
RE3587C,Eicosanoid metabolism
RE3597C,Eicosanoid metabolism
RE3597M,Eicosanoid metabolism
RE3597X,Eicosanoid metabolism
15KPROSTGF2c,Eicosanoid metabolism
TXB2c,Eicosanoid metabolism
HMR_1305,Eicosanoid metabolism
HMR_1315,Eicosanoid metabolism
HMR_1325,Eicosanoid metabolism
HMR_1373,Eicosanoid metabolism
HMR_1388,Eicosanoid metabolism
ALOX12,Eicosanoid metabolism
ALOX5,Eicosanoid metabolism
ALOX52,Eicosanoid metabolism
RE2079R,Eicosanoid metabolism
RE3423C,Eicosanoid metabolism
RE3430C_1,Eicosanoid metabolism
RE3430M,Eicosanoid metabolism
RE2799C,Eicosanoid metabolism
RE2958C,Eicosanoid metabolism
RE3010M,Eicosanoid metabolism
RE3011M,Eicosanoid metabolism
RE3012C,Eicosanoid metabolism
RE3012M,Eicosanoid metabolism
RE3012R,Eicosanoid metabolism
RE3015R,Eicosanoid metabolism
RE3431C,Eicosanoid metabolism
RE3432M,Eicosanoid metabolism
RE3432X,Eicosanoid metabolism
RE3435C,Eicosanoid metabolism
RE3488R,Eicosanoid metabolism
RE3493C,Eicosanoid metabolism
RE3496C,Eicosanoid metabolism
RE3556C,Eicosanoid metabolism
RE3568C,Eicosanoid metabolism
PGESc,Eicosanoid metabolism
RE3477C1,Eicosanoid metabolism
HMR_1307,Eicosanoid metabolism
HMR_1317,Eicosanoid metabolism
HMR_1318,Eicosanoid metabolism
HMR_1321,Eicosanoid metabolism
HMR_1329,Eicosanoid metabolism
HMR_1332,Eicosanoid metabolism
HMR_1390,Eicosanoid metabolism
GGT5r,Eicosanoid metabolism
GGT6,Eicosanoid metabolism
LTA4H,Eicosanoid metabolism
LTD4DP,Eicosanoid metabolism
P4504B1r,Eicosanoid metabolism
P4504F121r,Eicosanoid metabolism
PGDIr,Eicosanoid metabolism
PGESr,Eicosanoid metabolism
PGISr,Eicosanoid metabolism
PGS,Eicosanoid metabolism
PGSr,Eicosanoid metabolism
TXASr,Eicosanoid metabolism
RE1077C_1,Eicosanoid metabolism
RE3430X,Eicosanoid metabolism
MI1Pt,Exchange/demand reaction
ACER12r,Exchange/demand reaction
ACER21g,Exchange/demand reaction
EX_5adtststerone_e,Extracellular exchange
EX_5adtststerones_e,Extracellular exchange
EX_5fthf_e,Extracellular exchange
EX_5htrp_e,Extracellular exchange
EX_5mthf_e,Extracellular exchange
EX_5thf_e,Extracellular exchange
EX_6dhf_e,Extracellular exchange
EX_6htststerone_e,Extracellular exchange
EX_10fthf5glu_e,Extracellular exchange
EX_10fthf6glu_e,Extracellular exchange
EX_10fthf7glu_e,Extracellular exchange
EX_11_cis_retfa_e,Extracellular exchange
EX_13_cis_retnglc_e,Extracellular exchange
EX_24nph_e,Extracellular exchange
EX_25hvitd3_e,Extracellular exchange
EX_2hb_e,Extracellular exchange
EX_2mcit_e,Extracellular exchange
EX_34dhphe_e,Extracellular exchange
EX_35cgmp_e,Extracellular exchange
EX_4hphac_e,Extracellular exchange
EX_4mptnl_e,Extracellular exchange
EX_7dhf_e,Extracellular exchange
EX_7thf_e,Extracellular exchange
EX_9_cis_retfa_e,Extracellular exchange
EX_acetone_e,Extracellular exchange
EX_acgalfucgalacgalfuc12gal14acglcgalgluside_hs_e,Extracellular exchange
EX_acnacngal14acglcgalgluside_hs_e,Extracellular exchange
EX_adp_e,Extracellular exchange
EX_ahandrostanglc_e,Extracellular exchange
EX_ala_B_e,Extracellular exchange
EX_ala__D_e,Extracellular exchange
EX_aldstrn_e,Extracellular exchange
EX_andrstrn_e,Extracellular exchange
EX_andrstrnglc_e,Extracellular exchange
EX_antipyrene_e,Extracellular exchange
EX_appnn_e,Extracellular exchange
EX_arach_e,Extracellular exchange
EX_avite1_e,Extracellular exchange
EX_avite2_e,Extracellular exchange
EX_bhb_e,Extracellular exchange
EX_bildglcur_e,Extracellular exchange
EX_biocyt_e,Extracellular exchange
EX_bvite_e,Extracellular exchange
EX_caro_e,Extracellular exchange
EX_carveol_e,Extracellular exchange
EX_chol_e,Extracellular exchange
EX_cholate_e,Extracellular exchange
EX_chtn_e,Extracellular exchange
EX_clpnd_e,Extracellular exchange
EX_coumarin_e,Extracellular exchange
EX_creat_e,Extracellular exchange
EX_crmp_hs_e,Extracellular exchange
EX_crn_e,Extracellular exchange
EX_crtstrn_e,Extracellular exchange
EX_crvnc_e,Extracellular exchange
EX_cspg_c_e,Extracellular exchange
EX_cspg_e_e,Extracellular exchange
EX_cyan_e,Extracellular exchange
EX_dag_hs_e,Extracellular exchange
EX_dcsptn1_e,Extracellular exchange
EX_dhdascb_e,Extracellular exchange
EX_dheas_e,Extracellular exchange
EX_dhf_e,Extracellular exchange
EX_digalsgalside_hs_e,Extracellular exchange
EX_dlnlcg_e,Extracellular exchange
EX_dmantipyrine_e,Extracellular exchange
EX_dmhptcrn_e,Extracellular exchange
EX_dopa_e,Extracellular exchange
EX_eaflatoxin_e,Extracellular exchange
EX_ebastine_e,Extracellular exchange
EX_eicostet_e,Extracellular exchange
EX_estradiolglc_e,Extracellular exchange
EX_fucacngalacglcgalgluside_hs_e,Extracellular exchange
EX_fucfuc12gal14acglcgalgluside_hs_e,Extracellular exchange
EX_fucfucfucgalacglc13galacglcgal14acglcgalgluside_hs_e,Extracellular exchange
EX_fucfucgalacglcgalgluside_hs_e,Extracellular exchange
EX_fucgal14acglcgalgluside_hs_e,Extracellular exchange
EX_fucgalgbside_hs_e,Extracellular exchange
EX_fuc__L_e,Extracellular exchange
EX_galacglcgalgbside_hs_e,Extracellular exchange
EX_galfucgalacglcgal14acglcgalgluside_hs_e,Extracellular exchange
EX_gd1c_hs_e,Extracellular exchange
EX_gdp_e,Extracellular exchange
EX_gluala_e,Extracellular exchange
EX_glyc__S_e,Extracellular exchange
EX_gp1calpha_hs_e,Extracellular exchange
EX_gq1balpha_hs_e,Extracellular exchange
EX_gsn_e,Extracellular exchange
EX_gt1a_hs_e,Extracellular exchange
EX_gthox_e,Extracellular exchange
EX_ha_e,Extracellular exchange
EX_ha_pre1_e,Extracellular exchange
EX_hcoumarin_e,Extracellular exchange
EX_hdcea_e,Extracellular exchange
EX_hexc_e,Extracellular exchange
EX_hom__L_e,Extracellular exchange
EX_hspg_e,Extracellular exchange
EX_htaxol_e,Extracellular exchange
EX_i_e,Extracellular exchange
EX_imp_e,Extracellular exchange
EX_ksi_e,Extracellular exchange
EX_ksii_core4_e,Extracellular exchange
EX_lac__D_e,Extracellular exchange
EX_cysi__L_e,Extracellular exchange
EX_leuktrB4_e,Extracellular exchange
EX_leuktrC4_e,Extracellular exchange
EX_leuktrD4_e,Extracellular exchange
EX_leuktrE4_e,Extracellular exchange
EX_limnen_e,Extracellular exchange
EX_lipoate_e,Extracellular exchange
EX_lnlc_e,Extracellular exchange
EX_lnlnca_e,Extracellular exchange
EX_lpchol_hs_e,Extracellular exchange
EX_meoh_e,Extracellular exchange
EX_mercplaccys_e,Extracellular exchange
EX_mthgxl_e,Extracellular exchange
EX_nad_e,Extracellular exchange
EX_nadp_e,Extracellular exchange
EX_nifedipine_e,Extracellular exchange
EX_npthl_e,Extracellular exchange
EX_nrpphr_e,Extracellular exchange
EX_oagd3_hs_e,Extracellular exchange
EX_oagt3_hs_e,Extracellular exchange
EX_ocdca_e,Extracellular exchange
EX_ocdcea_e,Extracellular exchange
EX_octa_e,Extracellular exchange
EX_onpthl_e,Extracellular exchange
EX_oxa_e,Extracellular exchange
EX_paf_hs_e,Extracellular exchange
EX_pchol_hs_e,Extracellular exchange
EX_perillyl_e,Extracellular exchange
EX_pheacgln_e,Extracellular exchange
EX_phllqne_e,Extracellular exchange
EX_phyt_e,Extracellular exchange
EX_prostgd2_e,Extracellular exchange
EX_prostge2_e,Extracellular exchange
EX_prostgf2_e,Extracellular exchange
EX_ps_hs_e,Extracellular exchange
EX_retfa_e,Extracellular exchange
EX_retinol_e,Extracellular exchange
EX_Rtotal2_e,Extracellular exchange
EX_Rtotal3_e,Extracellular exchange
EX_s2l2n2m2masn_e,Extracellular exchange
EX_sarcs_e,Extracellular exchange
EX_spc_hs_e,Extracellular exchange
EX_sph1p_e,Extracellular exchange
EX_strdnc_e,Extracellular exchange
EX_tag_hs_e,Extracellular exchange
EX_taxol_e,Extracellular exchange
EX_tchola_e,Extracellular exchange
EX_tcynt_e,Extracellular exchange
EX_tdchola_e,Extracellular exchange
EX_tetpent3_e,Extracellular exchange
EX_tetpent6_e,Extracellular exchange
EX_thmmp_e,Extracellular exchange
EX_thym_e,Extracellular exchange
EX_triodthy_e,Extracellular exchange
EX_triodthysuf_e,Extracellular exchange
EX_tststeroneglc_e,Extracellular exchange
EX_tststerones_e,Extracellular exchange
EX_ttdca_e,Extracellular exchange
EX_tymsf_e,Extracellular exchange
EX_Tyr_ggn_e,Extracellular exchange
EX_udp_e,Extracellular exchange
EX_vitd3_e,Extracellular exchange
EX_whddca_e,Extracellular exchange
EX_whhdca_e,Extracellular exchange
EX_whttdca_e,Extracellular exchange
EX_xoltri25_e,Extracellular exchange
EX_xoltri27_e,Extracellular exchange
EX_4abutn_e,Extracellular exchange
EX_acmana_e,Extracellular exchange
EX_ahdt_e,Extracellular exchange
EX_dgmp_e,Extracellular exchange
EX_dgtp_e,Extracellular exchange
EX_dha_e,Extracellular exchange
EX_dhap_e,Extracellular exchange
EX_dttp_e,Extracellular exchange
EX_isomal_e,Extracellular exchange
EX_HC00250_e,Extracellular exchange
EX_HC01361_e,Extracellular exchange
EX_HC01440_e,Extracellular exchange
EX_HC01446_e,Extracellular exchange
EX_HC01577_e,Extracellular exchange
EX_HC02160_e,Extracellular exchange
EX_orot_e,Extracellular exchange
EX_udpg_e,Extracellular exchange
EX_so3_e,Extracellular exchange
EX_CE2250_e,Extracellular exchange
EX_CE1935_e,Extracellular exchange
EX_CE1943_e,Extracellular exchange
EX_CE1939_e,Extracellular exchange
EX_CE2915_e,Extracellular exchange
EX_CE4722_e,Extracellular exchange
EX_CE4723_e,Extracellular exchange
EX_prostgh2_e,Extracellular exchange
EX_citr__L_e,Extracellular exchange
EX_HC00822_e,Extracellular exchange
EX_C02528_e,Extracellular exchange
EX_HC02192_e,Extracellular exchange
EX_HC02195_e,Extracellular exchange
EX_HC02191_e,Extracellular exchange
EX_HC02198_e,Extracellular exchange
EX_HC02203_e,Extracellular exchange
EX_HC02204_e,Extracellular exchange
EX_HC02205_e,Extracellular exchange
EX_HC02206_e,Extracellular exchange
EX_HC02207_e,Extracellular exchange
EX_HC02213_e,Extracellular exchange
EX_HC02217_e,Extracellular exchange
EX_arachcoa_e,Extracellular exchange
EX_coa_e,Extracellular exchange
EX_CE4724_e,Extracellular exchange
EX_malthp_e,Extracellular exchange
EX_CE2838_e,Extracellular exchange
EX_cynt_e,Extracellular exchange
EX_3ump_e,Extracellular exchange
EX_CE5786_e,Extracellular exchange
EX_CE5797_e,Extracellular exchange
EX_CE5787_e,Extracellular exchange
EX_CE5868_e,Extracellular exchange
EX_CE4881_e,Extracellular exchange
EX_CE5854_e,Extracellular exchange
EX_cdpea_e,Extracellular exchange
EX_CE5853_e,Extracellular exchange
EX_CE1925_e,Extracellular exchange
EX_3hdececrn_e,Extracellular exchange
EX_3ivcrn_e,Extracellular exchange
EX_3thexddcoacrn_e,Extracellular exchange
EX_c101crn_e,Extracellular exchange
EX_c10crn_e,Extracellular exchange
EX_c10dc_e,Extracellular exchange
EX_c12dc_e,Extracellular exchange
EX_c3dc_e,Extracellular exchange
EX_c4dc_e,Extracellular exchange
EX_c5dc_e,Extracellular exchange
EX_c6crn_e,Extracellular exchange
EX_c8crn_e,Extracellular exchange
EX_decdicrn_e,Extracellular exchange
EX_docosac_e,Extracellular exchange
EX_docosdiac_e,Extracellular exchange
EX_dca_e,Extracellular exchange
EX_dchac_e,Extracellular exchange
EX_gltdechol_e,Extracellular exchange
EX_glysar_e,Extracellular exchange
EX_gumtchol_e,Extracellular exchange
EX_leugly_e,Extracellular exchange
EX_leuleu_e,Extracellular exchange
EX_pect_e,Extracellular exchange
EX_pectingchol_e,Extracellular exchange
EX_pectintchol_e,Extracellular exchange
EX_psyl_e,Extracellular exchange
EX_psylchol_e,Extracellular exchange
EX_psyltchol_e,Extracellular exchange
EX_slfcys_e,Extracellular exchange
EX_pan4p_e,Extracellular exchange
EX_ptth_e,Extracellular exchange
EX_q10h2_e,Extracellular exchange
EX_4hpro_LT_e,Extracellular exchange
EX_bglc_e,Extracellular exchange
EX_carn_e,Extracellular exchange
EX_glgchlo_e,Extracellular exchange
EX_crtn_e,Extracellular exchange
EX_cyst__L_e,Extracellular exchange
EX_dcmp_e,Extracellular exchange
EX_34hpp_e,Extracellular exchange
EX_glyald_e,Extracellular exchange
EX_3mob_e,Extracellular exchange
EX_3mop_e,Extracellular exchange
EX_ahcys_e,Extracellular exchange
EX_aicar_e,Extracellular exchange
EX_anth_e,Extracellular exchange
EX_icit_e,Extracellular exchange
EX_idour_e,Extracellular exchange
EX_Lkynr_e,Extracellular exchange
EX_quln_e,Extracellular exchange
EX_xmp_e,Extracellular exchange
EX_3pg_e,Extracellular exchange
EX_3hanthrn_e,Extracellular exchange
EX_glyc3p_e,Extracellular exchange
EX_2pg_e,Extracellular exchange
EX_acrn_e,Extracellular exchange
EX_pcrn_e,Extracellular exchange
EX_lneldccrn_e,Extracellular exchange
EX_odecrn_e,Extracellular exchange
EX_pmtcrn_e,Extracellular exchange
EX_3mtp_e,Extracellular exchange
EX_C14769_e,Extracellular exchange
EX_56dthm_e,Extracellular exchange
EX_56dura_e,Extracellular exchange
EX_5HPET_e,Extracellular exchange
EX_acthr__L_e,Extracellular exchange
EX_adpoh_e,Extracellular exchange
EX_amet_e,Extracellular exchange
EX_15HPET_e,Extracellular exchange
EX_15kprostgf2_e,Extracellular exchange
EX_21hprgnlone_e,Extracellular exchange
EX_3hmp_e,Extracellular exchange
EX_3mhis_e,Extracellular exchange
EX_and19one_e,Extracellular exchange
EX_aracheth_e,Extracellular exchange
EX_C02356_e,Extracellular exchange
EX_C02712_e,Extracellular exchange
EX_C04717_e,Extracellular exchange
EX_C05957_e,Extracellular exchange
EX_C06314_e,Extracellular exchange
EX_pcholet_hs_e,Extracellular exchange
EX_C14771_e,Extracellular exchange
EX_CE1273_e,Extracellular exchange
EX_CE2176_e,Extracellular exchange
EX_pcholn201_hs_e,Extracellular exchange
EX_pcholn205_hs_e,Extracellular exchange
EX_pcholn226_hs_e,Extracellular exchange
EX_pcholn24_hs_e,Extracellular exchange
EX_eidi1114ac_e,Extracellular exchange
EX_CE6031_e,Extracellular exchange
EX_CE7082_e,Extracellular exchange
EX_pcholn261_hs_e,Extracellular exchange
EX_pcholpalm_hs_e,Extracellular exchange
EX_pe14_hs_e,Extracellular exchange
EX_pe15_hs_e,Extracellular exchange
EX_pe161_hs_e,Extracellular exchange
EX_pe203_hs_e,Extracellular exchange
EX_pe226_hs_e,Extracellular exchange
EX_CE7083_e,Extracellular exchange
EX_docohxeth_e,Extracellular exchange
EX_elaidcrn_e,Extracellular exchange
EX_HC00900_e,Extracellular exchange
EX_hexdiac_e,Extracellular exchange
EX_hgentis_e,Extracellular exchange
EX_leuktrB4wcooh_e,Extracellular exchange
EX_pe2linl_hs_e,Extracellular exchange
EX_pear_hs_e,Extracellular exchange
EX_pendecaeth_e,Extracellular exchange
EX_lineth_e,Extracellular exchange
EX_lnlccrn_e,Extracellular exchange
EX_Lpipecol_e,Extracellular exchange
EX_pepalm_hs_e,Extracellular exchange
EX_peste_hs_e,Extracellular exchange
EX_pmeth_e,Extracellular exchange
EX_lthstrl_e,Extracellular exchange
EX_maglinl_hs_e,Extracellular exchange
EX_sebacid_e,Extracellular exchange
EX_sphmyln180241_hs_e,Extracellular exchange
EX_magste_hs_e,Extracellular exchange
EX_mev__R_e,Extracellular exchange
EX_sphmyln18114_hs_e,Extracellular exchange
EX_sphmyln18115_hs_e,Extracellular exchange
EX_pailpalm_hs_e,Extracellular exchange
EX_pailste_hs_e,Extracellular exchange
EX_sphmyln18116_hs_e,Extracellular exchange
EX_pchol2linl_hs_e,Extracellular exchange
EX_pchol2ole_hs_e,Extracellular exchange
EX_pchol2palm_hs_e,Extracellular exchange
EX_pcholar_hs_e,Extracellular exchange
EX_sphmyln181181_hs_e,Extracellular exchange
EX_sphmyln18120_hs_e,Extracellular exchange
EX_sphmyln18121_hs_e,Extracellular exchange
EX_sphmyln18122_hs_e,Extracellular exchange
EX_sphmyln181221_hs_e,Extracellular exchange
EX_subeac_e,Extracellular exchange
EX_tetdeca511ac_e,Extracellular exchange
EX_thrnt_e,Extracellular exchange
EX_ttdcrn_e,Extracellular exchange
EX_txb2_e,Extracellular exchange
EX_wharachd_e,Extracellular exchange
EX_xolest181_hs_e,Extracellular exchange
EX_xolest182_hs_e,Extracellular exchange
EX_xolest204_hs_e,Extracellular exchange
EX_achom__L_e,Extracellular exchange
EX_phacgly_e,Extracellular exchange
EX_3moxtyr_e,Extracellular exchange
EX_alltn_e,Extracellular exchange
EX_glyc2p_e,Extracellular exchange
EX_glyclt_e,Extracellular exchange
EX_oaa_e,Extracellular exchange
EX_phlac_e,Extracellular exchange
EX_ttdcea_e,Extracellular exchange
EX_alaargcys_e,Extracellular exchange
EX_acleu__L_e,Extracellular exchange
EX_alaarggly_e,Extracellular exchange
EX_pheacgly_e,Extracellular exchange
EX_bz_e,Extracellular exchange
EX_alaglylys_e,Extracellular exchange
EX_pcresol_e,Extracellular exchange
EX_pcs_e,Extracellular exchange
EX_hisargser_e,Extracellular exchange
EX_hiscyscys_e,Extracellular exchange
EX_alahisala_e,Extracellular exchange
EX_hisglu_e,Extracellular exchange
EX_hisglugln_e,Extracellular exchange
EX_hislysala_e,Extracellular exchange
EX_hislysglu_e,Extracellular exchange
EX_C05300_e,Extracellular exchange
EX_argalaala_e,Extracellular exchange
EX_retinal_e,Extracellular exchange
EX_1mncam_e,Extracellular exchange
EX_progly_e,Extracellular exchange
EX_dhbpt_e,Extracellular exchange
EX_hislysthr_e,Extracellular exchange
EX_hislysval_e,Extracellular exchange
EX_hismetgln_e,Extracellular exchange
EX_hisphearg_e,Extracellular exchange
EX_hisprolys_e,Extracellular exchange
EX_histrphis_e,Extracellular exchange
EX_ileargile_e,Extracellular exchange
EX_argalaphe_e,Extracellular exchange
EX_ileasp_e,Extracellular exchange
EX_ileprolys_e,Extracellular exchange
EX_prolyspro_e,Extracellular exchange
EX_prophe_e,Extracellular exchange
EX_argalathr_e,Extracellular exchange
EX_proproarg_e,Extracellular exchange
EX_propropro_e,Extracellular exchange
EX_leuasnasp_e,Extracellular exchange
EX_leuasplys_e,Extracellular exchange
EX_protrplys_e,Extracellular exchange
EX_provalgln_e,Extracellular exchange
EX_leuleutrp_e,Extracellular exchange
EX_argarg_e,Extracellular exchange
EX_leuproarg_e,Extracellular exchange
EX_leusertrp_e,Extracellular exchange
EX_serlyshis_e,Extracellular exchange
EX_thrglntyr_e,Extracellular exchange
EX_thrphearg_e,Extracellular exchange
EX_thrserarg_e,Extracellular exchange
EX_leutrp_e,Extracellular exchange
EX_thrthrarg_e,Extracellular exchange
EX_leuval_e,Extracellular exchange
EX_thrtyrmet_e,Extracellular exchange
EX_lysargleu_e,Extracellular exchange
EX_argarglys_e,Extracellular exchange
EX_lyscyshis_e,Extracellular exchange
EX_lysglnphe_e,Extracellular exchange
EX_lystrparg_e,Extracellular exchange
EX_lysvalphe_e,Extracellular exchange
EX_trpargala_e,Extracellular exchange
EX_trpglngln_e,Extracellular exchange
EX_trpglugly_e,Extracellular exchange
EX_trpglupro_e,Extracellular exchange
EX_trpglyleu_e,Extracellular exchange
EX_trpglyphe_e,Extracellular exchange
EX_trpilelys_e,Extracellular exchange
EX_trpiletrp_e,Extracellular exchange
EX_trpleuval_e,Extracellular exchange
EX_metglntyr_e,Extracellular exchange
EX_metphearg_e,Extracellular exchange
EX_pheasnmet_e,Extracellular exchange
EX_pheasp_e,Extracellular exchange
EX_pheleuasp_e,Extracellular exchange
EX_pheleuhis_e,Extracellular exchange
EX_trplys_e,Extracellular exchange
EX_trpmetval_e,Extracellular exchange
EX_trptyrgln_e,Extracellular exchange
EX_phelyspro_e,Extracellular exchange
EX_phephethr_e,Extracellular exchange
EX_pheproarg_e,Extracellular exchange
EX_trptyrtyr_e,Extracellular exchange
EX_phesertrp_e,Extracellular exchange
EX_tyrargser_e,Extracellular exchange
EX_argcysgly_e,Extracellular exchange
EX_tyrcysthr_e,Extracellular exchange
EX_tyrleuarg_e,Extracellular exchange
EX_tyrphetyr_e,Extracellular exchange
EX_tyrthr_e,Extracellular exchange
EX_tyrtrpphe_e,Extracellular exchange
EX_tyrtyr_e,Extracellular exchange
EX_tyrvalmet_e,Extracellular exchange
EX_valarggly_e,Extracellular exchange
EX_valhisasn_e,Extracellular exchange
EX_valphearg_e,Extracellular exchange
EX_valprotrp_e,Extracellular exchange
EX_valserarg_e,Extracellular exchange
EX_phetyrgln_e,Extracellular exchange
EX_phetyrlys_e,Extracellular exchange
EX_proargcys_e,Extracellular exchange
EX_proasncys_e,Extracellular exchange
EX_proglnpro_e,Extracellular exchange
EX_prohis_e,Extracellular exchange
EX_prohistyr_e,Extracellular exchange
EX_argglupro_e,Extracellular exchange
EX_argglygly_e,Extracellular exchange
EX_argphearg_e,Extracellular exchange
EX_argpromet_e,Extracellular exchange
EX_argprothr_e,Extracellular exchange
EX_argtyrval_e,Extracellular exchange
EX_argvalcys_e,Extracellular exchange
EX_argvaltrp_e,Extracellular exchange
EX_asnasnarg_e,Extracellular exchange
EX_asncyscys_e,Extracellular exchange
EX_asnpheasp_e,Extracellular exchange
EX_asnphecys_e,Extracellular exchange
EX_asntyrthr_e,Extracellular exchange
EX_aspglu_e,Extracellular exchange
EX_aspglupro_e,Extracellular exchange
EX_asphiscys_e,Extracellular exchange
EX_aspvalasn_e,Extracellular exchange
EX_cyssermet_e,Extracellular exchange
EX_cystyrasn_e,Extracellular exchange
EX_glnasngln_e,Extracellular exchange
EX_hxa_e,Extracellular exchange
EX_glnhislys_e,Extracellular exchange
EX_glnproglu_e,Extracellular exchange
EX_gluargleu_e,Extracellular exchange
EX_gluasnleu_e,Extracellular exchange
EX_gluthrlys_e,Extracellular exchange
EX_glutrpala_e,Extracellular exchange
EX_glyhisasn_e,Extracellular exchange
EX_glylyscys_e,Extracellular exchange
EX_glylysphe_e,Extracellular exchange
EX_core4_e,Extracellular exchange
EX_core5_e,Extracellular exchange
EX_glyvalhis_e,Extracellular exchange
EX_dsT_antigen_e,Extracellular exchange
EX_f1a_e,Extracellular exchange
EX_galam_e,Extracellular exchange
EX_gncore1_e,Extracellular exchange
EX_mqn7_e,Extracellular exchange
EX_acgal_e,Extracellular exchange
EX_acnam_e,Extracellular exchange
EX_pcreat_e,Extracellular exchange
EX_HC00342_e,Extracellular exchange
EX_CE2934_e,Extracellular exchange
EX_acac_e,Extracellular exchange
EX_adn_e,Extracellular exchange
EX_asp__L_e,Extracellular exchange
EX_but_e,Extracellular exchange
EX_din_e,Extracellular exchange
EX_fe2_e,Extracellular exchange
EX_fe3_e,Extracellular exchange
EX_gal_e,Extracellular exchange
EX_glu__L_e,Extracellular exchange
EX_glyb_e,Extracellular exchange
EX_glyleu_e,Extracellular exchange
EX_h2o_e,Extracellular exchange
EX_ins_e,Extracellular exchange
EX_k_e,Extracellular exchange
EX_lac__L_e,Extracellular exchange
EX_leu__L_e,Extracellular exchange
EX_lys__L_e,Extracellular exchange
EX_mal__L_e,Extracellular exchange
EX_no2_e,Extracellular exchange
EX_o2_e,Extracellular exchange
EX_orn_e,Extracellular exchange
EX_pi_e,Extracellular exchange
EX_ribflv_e,Extracellular exchange
EX_succ_e,Extracellular exchange
EX_thymd_e,Extracellular exchange
EX_urea_e,Extracellular exchange
EX_uri_e,Extracellular exchange
EX_dxtrn_e,Extracellular exchange
EX_dhcholestanate_e,Extracellular exchange
EX_pnto__R_e,Extracellular exchange
EX_gly_e,Extracellular exchange
EX_cys__L_e,Extracellular exchange
EX_thr__L_e,Extracellular exchange
EX_gln__L_e,Extracellular exchange
EX_thcholstoic_e,Extracellular exchange
EX_phe__L_e,Extracellular exchange
EX_tyr__L_e,Extracellular exchange
EX_arg__L_e,Extracellular exchange
EX_for_e,Extracellular exchange
EX_nac_e,Extracellular exchange
EX_ind3ac_e,Extracellular exchange
EX_nh4_e,Extracellular exchange
EX_ac_e,Extracellular exchange
EX_mqn8_e,Extracellular exchange
EX_xol7aone_e,Extracellular exchange
EX_drib_e,Extracellular exchange
EX_fru_e,Extracellular exchange
EX_glyc_e,Extracellular exchange
EX_malttr_e,Extracellular exchange
EX_man_e,Extracellular exchange
EX_ptrc_e,Extracellular exchange
EX_rib__D_e,Extracellular exchange
EX_spmd_e,Extracellular exchange
EX_pydxn_e,Extracellular exchange
EX_pydx_e,Extracellular exchange
EX_pydam_e,Extracellular exchange
EX_arab__L_e,Extracellular exchange
EX_gam_e,Extracellular exchange
EX_pyr_e,Extracellular exchange
EX_tre_e,Extracellular exchange
EX_4abut_e,Extracellular exchange
EX_btn_e,Extracellular exchange
EX_ade_e,Extracellular exchange
EX_etoh_e,Extracellular exchange
EX_acald_e,Extracellular exchange
EX_taur_e,Extracellular exchange
EX_tym_e,Extracellular exchange
EX_3hadpac_e,Extracellular exchange
EX_ethmalac_e,Extracellular exchange
EX_lanost_e,Extracellular exchange
EX_hexgly_e,Extracellular exchange
EX_subgly_e,Extracellular exchange
EX_4ohbut_e,Extracellular exchange
EX_3mox4hoxm_e,Extracellular exchange
EX_CE2026_e,Extracellular exchange
EX_thexdd_e,Extracellular exchange
EX_hexdtr_e,Extracellular exchange
EX_eic21114tr_e,Extracellular exchange
EX_CE4968_e,Extracellular exchange
EX_dhea_e,Extracellular exchange
EX_ahandrostan_e,Extracellular exchange
EX_andrstandn_e,Extracellular exchange
EX_CE2209_e,Extracellular exchange
EX_estrone_e,Extracellular exchange
EX_C05299_e,Extracellular exchange
EX_C05302_e,Extracellular exchange
EX_11docrtsl_e,Extracellular exchange
EX_agm_e,Extracellular exchange
EX_prgnlone_e,Extracellular exchange
EX_17ahprgnlone_e,Extracellular exchange
EX_C03681_e,Extracellular exchange
EX_prgnlones_e,Extracellular exchange
EX_CE1352_e,Extracellular exchange
EX_xol24oh_e,Extracellular exchange
EX_xol25oh_e,Extracellular exchange
EX_chsterols_e,Extracellular exchange
EX_3ityr__L_e,Extracellular exchange
EX_T4hcinnm_e,Extracellular exchange
EX_35diotyr_e,Extracellular exchange
EX_13_cis_retn_e,Extracellular exchange
EX_18harachd_e,Extracellular exchange
EX_HC00460_e,Extracellular exchange
EX_vanillac_e,Extracellular exchange
EX_CE7090_e,Extracellular exchange
EX_CE7096_e,Extracellular exchange
EX_CE4877_e,Extracellular exchange
EX_CE1447_e,Extracellular exchange
EX_trypta_e,Extracellular exchange
EX_CE2006_e,Extracellular exchange
EX_C10164_e,Extracellular exchange
EX_n8aspmd_e,Extracellular exchange
EX_CE6205_e,Extracellular exchange
EX_C09642_e,Extracellular exchange
EX_C05769_e,Extracellular exchange
EX_C05770_e,Extracellular exchange
EX_ppbng_e,Extracellular exchange
EX_12ppd__R_e,Extracellular exchange
EX_dopa4sf_e,Extracellular exchange
EX_CE0737_e,Extracellular exchange
EX_2hiv_e,Extracellular exchange
EX_4glu56dihdind_e,Extracellular exchange
EX_hdd2crn_e,Extracellular exchange
EX_im4ac_e,Extracellular exchange
EX_CE1918_e,Extracellular exchange
EX_mlthf_e,Extracellular exchange
EX_CE5025_e,Extracellular exchange
EX_CE2172_e,Extracellular exchange
EX_ppp9_e,Extracellular exchange
EX_aact_e,Extracellular exchange
EX_CE5629_e,Extracellular exchange
EX_CE2705_e,Extracellular exchange
EX_prist_e,Extracellular exchange
EX_CE2049_e,Extracellular exchange
EX_gd3_hs_e,Extracellular exchange
EX_CE2047_e,Extracellular exchange
EX_gm3_hs_e,Extracellular exchange
EX_2m3hbu_e,Extracellular exchange
EX_5a2opntn_e,Extracellular exchange
EX_arg__D_e,Extracellular exchange
EX_idl_hs_e,Extracellular exchange
EX_ldl_hs_e,Extracellular exchange
EX_hdl_hs_e,Extracellular exchange
EX_HC00005_e,Extracellular exchange
EX_2m3hvac_e,Extracellular exchange
EX_pail_hs_e,Extracellular exchange
EX_CE1243_e,Extracellular exchange
EX_galgluside_hs_e,Extracellular exchange
EX_ga1_hs_e,Extracellular exchange
EX_gt1b_hs_e,Extracellular exchange
EX_3mglutac_e,Extracellular exchange
EX_cmpacna_e,Extracellular exchange
EX_gd2_hs_e,Extracellular exchange
EX_3mglutr_e,Extracellular exchange
EX_12dhchol_e,Extracellular exchange
EX_3dhchol_e,Extracellular exchange
EX_3dhlchol_e,Extracellular exchange
EX_7dhcdchol_e,Extracellular exchange
EX_ca24g_e,Extracellular exchange
EX_ca3s_e,Extracellular exchange
EX_cdca24g_e,Extracellular exchange
EX_coprost_e,Extracellular exchange
EX_dca3s_e,Extracellular exchange
EX_hdca24g_e,Extracellular exchange
EX_hdca6g_e,Extracellular exchange
EX_icdchol_e,Extracellular exchange
EX_lca3g_e,Extracellular exchange
EX_tca3s_e,Extracellular exchange
EX_tdca3s_e,Extracellular exchange
EX_thyochol_e,Extracellular exchange
EX_tudca3s_e,Extracellular exchange
EX_mem2emgacpail_prot_hs_e,Extracellular exchange
EX_nadh_e,Extracellular exchange
EX_glc__D_e,Extracellular exchange
EX_3hlvstacid_e,Extracellular exchange
EX_3hpvs_e,Extracellular exchange
EX_13dmt_e,Extracellular exchange
EX_1513tacr_e,Extracellular exchange
EX_1hibupglu__S_e,Extracellular exchange
EX_2hatvacidgluc_e,Extracellular exchange
EX_2hibupglu__S_e,Extracellular exchange
EX_31dmt_e,Extracellular exchange
EX_35dsmv_e,Extracellular exchange
EX_3hibup__R_e,Extracellular exchange
EX_3ohacmp_e,Extracellular exchange
EX_4hatvacid_e,Extracellular exchange
EX_4hmdgluc_e,Extracellular exchange
EX_56dhpvs_e,Extracellular exchange
EX_5ohfvs_e,Extracellular exchange
EX_6epvs_e,Extracellular exchange
EX_lvst_e,Extracellular exchange
EX_meracmp_e,Extracellular exchange
EX_nfdac_e,Extracellular exchange
EX_oxyp_e,Extracellular exchange
EX_ptvstm3_e,Extracellular exchange
EX_6hmsmvacid_e,Extracellular exchange
EX_6ohfvs_e,Extracellular exchange
EX_7ahglz_e,Extracellular exchange
EX_7bhglz_e,Extracellular exchange
EX_7hpvs_e,Extracellular exchange
EX_acmpglut_e,Extracellular exchange
EX_am19cs_e,Extracellular exchange
EX_pvs_e,Extracellular exchange
EX_pvsgluc_e,Extracellular exchange
EX_smv_e,Extracellular exchange
EX_smvacid_e,Extracellular exchange
EX_sulpacmp_e,Extracellular exchange
EX_tacr_e,Extracellular exchange
EX_thrfvs_e,Extracellular exchange
EX_tmd_e,Extracellular exchange
EX_tmdm1_e,Extracellular exchange
EX_tmdm3_e,Extracellular exchange
EX_am1alcs_e,Extracellular exchange
EX_am1c4n9cs_e,Extracellular exchange
EX_am1cglc_e,Extracellular exchange
EX_am1csa_e,Extracellular exchange
EX_tripvs_e,Extracellular exchange
EX_am4ncs_e,Extracellular exchange
EX_am9csa_e,Extracellular exchange
EX_atvacid_e,Extracellular exchange
EX_caribup__R_e,Extracellular exchange
EX_crvs_e,Extracellular exchange
EX_crvsm24_e,Extracellular exchange
EX_csa_e,Extracellular exchange
EX_dhglz_e,Extracellular exchange
EX_dspvs_e,Extracellular exchange
EX_epoxtac_e,Extracellular exchange
EX_fvs_e,Extracellular exchange
EX_fvstetglu_e,Extracellular exchange
EX_glc3meacp_e,Extracellular exchange
EX_glz_e,Extracellular exchange
EX_gtacmp_e,Extracellular exchange
EX_ibup__R_e,Extracellular exchange
EX_ibupgluc_e,Extracellular exchange
EX_isolvstacid_e,Extracellular exchange
EX_lst4exp_e,Extracellular exchange
EX_lstn_e,Extracellular exchange
EX_lstnm1_e,Extracellular exchange
EX_caproic_e,Extracellular exchange
EX_1a25dhvitd2_e,Extracellular exchange
EX_M00234_e,Extracellular exchange
EX_M01807_e,Extracellular exchange
EX_M00503_e,Extracellular exchange
EX_M02837_e,Extracellular exchange
EX_M01820_e,Extracellular exchange
EX_M00510_e,Extracellular exchange
EX_M00008_e,Extracellular exchange
EX_gpi_sig_e,Extracellular exchange
EX_kdn_e,Extracellular exchange
EX_m3gacpail_prot_hs_e,Extracellular exchange
EX_dolichol__L_e,Extracellular exchange
EX_M00019_e,Extracellular exchange
EX_M00115_e,Extracellular exchange
EX_M00117_e,Extracellular exchange
EX_M00315_e,Extracellular exchange
EX_M00341_e,Extracellular exchange
EX_M01197_e,Extracellular exchange
EX_M01235_e,Extracellular exchange
EX_M01238_e,Extracellular exchange
EX_M01582_e,Extracellular exchange
EX_M02053_e,Extracellular exchange
EX_M02457_e,Extracellular exchange
EX_M02745_e,Extracellular exchange
EX_M02560_e,Extracellular exchange
EX_C01601_e,Extracellular exchange
EX_M02108_e,Extracellular exchange
EX_M03134_e,Extracellular exchange
EX_M01111_e,Extracellular exchange
EX_h2co3_e,Extracellular exchange
EX_M01870_e,Extracellular exchange
EX_ditp_e,Extracellular exchange
EX_M02446_e,Extracellular exchange
EX_M02447_e,Extracellular exchange
EX_itacon_e,Extracellular exchange
EX_4pyrdx_e,Extracellular exchange
EX_5adtststeroneglc_e,Extracellular exchange
EX_5dhf_e,Extracellular exchange
EX_5homeprazole_e,Extracellular exchange
EX_10fthf_e,Extracellular exchange
EX_1glyc_hs_e,Extracellular exchange
EX_2425dhvitd2_e,Extracellular exchange
EX_2425dhvitd3_e,Extracellular exchange
EX_25hvitd2_e,Extracellular exchange
EX_34dhoxpeg_e,Extracellular exchange
EX_3aib_e,Extracellular exchange
EX_3aib__D_e,Extracellular exchange
EX_3mlda_e,Extracellular exchange
EX_4hdebrisoquine_e,Extracellular exchange
EX_4mtolbutamide_e,Extracellular exchange
EX_4nph_e,Extracellular exchange
EX_4nphsf_e,Extracellular exchange
EX_6thf_e,Extracellular exchange
EX_abt_e,Extracellular exchange
EX_acgalfucgalacgalfucgalacglcgal14acglcgalgluside_hs_e,Extracellular exchange
EX_ach_e,Extracellular exchange
EX_acn13acngalgbside_hs_e,Extracellular exchange
EX_acn23acngalgbside_hs_e,Extracellular exchange
EX_acnacngalgbside_hs_e,Extracellular exchange
EX_acngalacglcgal14acglcgalgluside_hs_e,Extracellular exchange
EX_adprbp_e,Extracellular exchange
EX_adrn_e,Extracellular exchange
EX_adrnl_e,Extracellular exchange
EX_aflatoxin_e,Extracellular exchange
EX_ak2lgchol_hs_e,Extracellular exchange
EX_amp_e,Extracellular exchange
EX_apnnox_e,Extracellular exchange
EX_aprgstrn_e,Extracellular exchange
EX_aqcobal_e,Extracellular exchange
EX_arachd_e,Extracellular exchange
EX_ascb__L_e,Extracellular exchange
EX_asp__D_e,Extracellular exchange
EX_atp_e,Extracellular exchange
EX_bilglcur_e,Extracellular exchange
EX_bilirub_e,Extracellular exchange
EX_camp_e,Extracellular exchange
EX_chsterol_e,Extracellular exchange
EX_cmp_e,Extracellular exchange
EX_co_e,Extracellular exchange
EX_crtsl_e,Extracellular exchange
EX_cspg_a_e,Extracellular exchange
EX_cspg_b_e,Extracellular exchange
EX_cspg_d_e,Extracellular exchange
EX_debrisoquine_e,Extracellular exchange
EX_dgchol_e,Extracellular exchange
EX_dopasf_e,Extracellular exchange
EX_ebastineoh_e,Extracellular exchange
EX_elaid_e,Extracellular exchange
EX_estradiol_e,Extracellular exchange
EX_estriolglc_e,Extracellular exchange
EX_estroneglc_e,Extracellular exchange
EX_estrones_e,Extracellular exchange
EX_fuc13galacglcgal14acglcgalgluside_hs_e,Extracellular exchange
EX_fuc14galacglcgalgluside_hs_e,Extracellular exchange
EX_fucacgalfucgalacglcgalgluside_hs_e,Extracellular exchange
EX_fucacngal14acglcgalgluside_hs_e,Extracellular exchange
EX_fucfuc132galacglcgal14acglcgalgluside_hs_e,Extracellular exchange
EX_fucfucfucgalacglcgal14acglcgalgluside_hs_e,Extracellular exchange
EX_fucgalfucgalacglcgalgluside_hs_e,Extracellular exchange
EX_galfuc12gal14acglcgalgluside_hs_e,Extracellular exchange
EX_galgalfucfucgalacglcgalacglcgal14acglcgalgluside_hs_e,Extracellular exchange
EX_galgalgalthcrm_hs_e,Extracellular exchange
EX_gbside_hs_e,Extracellular exchange
EX_gchola_e,Extracellular exchange
EX_gd1b2_hs_e,Extracellular exchange
EX_glygn2_e,Extracellular exchange
EX_glygn4_e,Extracellular exchange
EX_glygn5_e,Extracellular exchange
EX_gmp_e,Extracellular exchange
EX_gp1c_hs_e,Extracellular exchange
EX_gq1b_hs_e,Extracellular exchange
EX_gthrd_e,Extracellular exchange
EX_gtp_e,Extracellular exchange
EX_h2o2_e,Extracellular exchange
EX_hco3_e,Extracellular exchange
EX_hdca_e,Extracellular exchange
EX_hestratriol_e,Extracellular exchange
EX_hista_e,Extracellular exchange
EX_hpdca_e,Extracellular exchange
EX_idp_e,Extracellular exchange
EX_inost_e,Extracellular exchange
EX_ksi_deg1_e,Extracellular exchange
EX_ksii_core2_e,Extracellular exchange
EX_leuktrA4_e,Extracellular exchange
EX_leuktrF4_e,Extracellular exchange
EX_lgnc_e,Extracellular exchange
EX_lneldc_e,Extracellular exchange
EX_lnlncg_e,Extracellular exchange
EX_mag_hs_e,Extracellular exchange
EX_n2m2nmasn_e,Extracellular exchange
EX_ncam_e,Extracellular exchange
EX_no_e,Extracellular exchange
EX_nrpphrsf_e,Extracellular exchange
EX_nrvnc_e,Extracellular exchange
EX_o2s_e,Extracellular exchange
EX_omeprazole_e,Extracellular exchange
EX_pe_hs_e,Extracellular exchange
EX_peplys_e,Extracellular exchange
EX_pglyc_hs_e,Extracellular exchange
EX_prgstrn_e,Extracellular exchange
EX_prostge1_e,Extracellular exchange
EX_ptdca_e,Extracellular exchange
EX_rbt_e,Extracellular exchange
EX_retinol_9_cis_e,Extracellular exchange
EX_retinol_cis_11_e,Extracellular exchange
EX_retn_e,Extracellular exchange
EX_retnglc_e,Extracellular exchange
EX_Rtotal_e,Extracellular exchange
EX_s2l2fn2m2masn_e,Extracellular exchange
EX_sl__L_e,Extracellular exchange
EX_sphs1p_e,Extracellular exchange
EX_srtn_e,Extracellular exchange
EX_strch1_e,Extracellular exchange
EX_strch2_e,Extracellular exchange
EX_tag__D_e,Extracellular exchange
EX_tethex3_e,Extracellular exchange
EX_tettet6_e,Extracellular exchange
EX_thf_e,Extracellular exchange
EX_thmtp_e,Extracellular exchange
EX_thyox__L_e,Extracellular exchange
EX_tmndnc_e,Extracellular exchange
EX_tolbutamide_e,Extracellular exchange
EX_tststerone_e,Extracellular exchange
EX_tsul_e,Extracellular exchange
EX_txa2_e,Extracellular exchange
EX_ump_e,Extracellular exchange
EX_urate_e,Extracellular exchange
EX_utp_e,Extracellular exchange
EX_vacc_e,Extracellular exchange
EX_whtststerone_e,Extracellular exchange
EX_xolest_hs_e,Extracellular exchange
EX_xolest2_hs_e,Extracellular exchange
EX_xoltri24_e,Extracellular exchange
EX_xylt_e,Extracellular exchange
EX_yvite_e,Extracellular exchange
EX_sprm_e,Extracellular exchange
EX_CE1940_e,Extracellular exchange
EX_CE1936_e,Extracellular exchange
EX_maltpt_e,Extracellular exchange
EX_CE2916_e,Extracellular exchange
EX_CE2917_e,Extracellular exchange
EX_CE2839_e,Extracellular exchange
EX_CE1950_e,Extracellular exchange
EX_23cump_e,Extracellular exchange
EX_CE5788_e,Extracellular exchange
EX_CE5789_e,Extracellular exchange
EX_CE5798_e,Extracellular exchange
EX_CE5791_e,Extracellular exchange
EX_CE5867_e,Extracellular exchange
EX_CE5869_e,Extracellular exchange
EX_CE4633_e,Extracellular exchange
EX_CE1926_e,Extracellular exchange
EX_udpgal_e,Extracellular exchange
EX_crm_hs_e,Extracellular exchange
EX_galside_hs_e,Extracellular exchange
EX_CE0074_e,Extracellular exchange
EX_12dgr120_e,Extracellular exchange
EX_C04849_e,Extracellular exchange
EX_3bcrn_e,Extracellular exchange
EX_3ddcrn_e,Extracellular exchange
EX_3deccrn_e,Extracellular exchange
EX_3hexdcrn_e,Extracellular exchange
EX_3octdec2crn_e,Extracellular exchange
EX_3octdeccrn_e,Extracellular exchange
EX_3octdece1crn_e,Extracellular exchange
EX_3tdcrn_e,Extracellular exchange
EX_3tetd7ecoacrn_e,Extracellular exchange
EX_3ttetddcoacrn_e,Extracellular exchange
EX_c16dc_e,Extracellular exchange
EX_c4crn_e,Extracellular exchange
EX_c51crn_e,Extracellular exchange
EX_c6dc_e,Extracellular exchange
EX_c81crn_e,Extracellular exchange
EX_c8dc_e,Extracellular exchange
EX_ddece1crn_e,Extracellular exchange
EX_ddeccrn_e,Extracellular exchange
EX_doco13ac_e,Extracellular exchange
EX_ivcrn_e,Extracellular exchange
EX_tetdec2crn_e,Extracellular exchange
EX_tetdece1crn_e,Extracellular exchange
EX_prostgi2_e,Extracellular exchange
EX_cdp_e,Extracellular exchange
EX_dtdp_e,Extracellular exchange
EX_HC00955_e,Extracellular exchange
EX_HC00004_e,Extracellular exchange
EX_C02470_e,Extracellular exchange
EX_HC02193_e,Extracellular exchange
EX_HC02196_e,Extracellular exchange
EX_HC02220_e,Extracellular exchange
EX_HC02194_e,Extracellular exchange
EX_HC02197_e,Extracellular exchange
EX_HC02187_e,Extracellular exchange
EX_HC02180_e,Extracellular exchange
EX_HC02202_e,Extracellular exchange
EX_malcoa_e,Extracellular exchange
EX_gltcho_e,Extracellular exchange
EX_glygly_e,Extracellular exchange
EX_gum_e,Extracellular exchange
EX_gumdchac_e,Extracellular exchange
EX_gumgchol_e,Extracellular exchange
EX_pectindchac_e,Extracellular exchange
EX_psyltdechol_e,Extracellular exchange
EX_tdechola_e,Extracellular exchange
EX_cysam_e,Extracellular exchange
EX_dpcoa_e,Extracellular exchange
EX_fmn_e,Extracellular exchange
EX_hyptaur_e,Extracellular exchange
EX_oh1_e,Extracellular exchange
EX_q10_e,Extracellular exchange
EX_argsuc_e,Extracellular exchange
EX_stcrn_e,Extracellular exchange
EX_hdcecrn_e,Extracellular exchange
EX_7dhchsterol_e,Extracellular exchange
EX_acgly_e,Extracellular exchange
EX_aclys_e,Extracellular exchange
EX_acorn_e,Extracellular exchange
EX_alaala_e,Extracellular exchange
EX_4mop_e,Extracellular exchange
EX_5mta_e,Extracellular exchange
EX_adpac_e,Extracellular exchange
EX_biliverd_e,Extracellular exchange
EX_C04805_e,Extracellular exchange
EX_C06315_e,Extracellular exchange
EX_C11695_e,Extracellular exchange
EX_C14768_e,Extracellular exchange
EX_C14770_e,Extracellular exchange
EX_C14825_e,Extracellular exchange
EX_C14826_e,Extracellular exchange
EX_CE0955_e,Extracellular exchange
EX_5oxpro_e,Extracellular exchange
EX_cbasp_e,Extracellular exchange
EX_CE1556_e,Extracellular exchange
EX_CE2028_e,Extracellular exchange
EX_CE2445_e,Extracellular exchange
EX_CE2537_e,Extracellular exchange
EX_CE5304_e,Extracellular exchange
EX_CE6247_e,Extracellular exchange
EX_CE7172_e,Extracellular exchange
EX_cortsn_e,Extracellular exchange
EX_didecaeth_e,Extracellular exchange
EX_diholineth_e,Extracellular exchange
EX_docteteth_e,Extracellular exchange
EX_dodecanac_e,Extracellular exchange
EX_forglu_e,Extracellular exchange
EX_hepdeceth_e,Extracellular exchange
EX_hexdeceeth_e,Extracellular exchange
EX_hmcarn_e,Extracellular exchange
EX_hmcr_e,Extracellular exchange
EX_hxcoa_e,Extracellular exchange
EX_leuktrB4woh_e,Extracellular exchange
EX_magarachi_hs_e,Extracellular exchange
EX_magole_hs_e,Extracellular exchange
EX_magpalm_hs_e,Extracellular exchange
EX_mi1p__D_e,Extracellular exchange
EX_Nacasp_e,Extracellular exchange
EX_nwharg_e,Extracellular exchange
EX_oleth_e,Extracellular exchange
EX_pailar_hs_e,Extracellular exchange
EX_pchol2ste_hs_e,Extracellular exchange
EX_4tmeabutn_e,Extracellular exchange
EX_acile__L_e,Extracellular exchange
EX_hisasp_e,Extracellular exchange
EX_hisglnala_e,Extracellular exchange
EX_hisglylys_e,Extracellular exchange
EX_hishislys_e,Extracellular exchange
EX_hislysile_e,Extracellular exchange
EX_hismet_e,Extracellular exchange
EX_ileasnhis_e,Extracellular exchange
EX_ileglnglu_e,Extracellular exchange
EX_ileglyarg_e,Extracellular exchange
EX_ileserarg_e,Extracellular exchange
EX_iletrptyr_e,Extracellular exchange
EX_leualaarg_e,Extracellular exchange
EX_leupro_e,Extracellular exchange
EX_leutrparg_e,Extracellular exchange
EX_leutyrtyr_e,Extracellular exchange
EX_lysgluglu_e,Extracellular exchange
EX_lyslyslys_e,Extracellular exchange
EX_lyspheile_e,Extracellular exchange
EX_lystyrile_e,Extracellular exchange
EX_lysvaltrp_e,Extracellular exchange
EX_metargleu_e,Extracellular exchange
EX_12HPET_e,Extracellular exchange
EX_2oxoadp_e,Extracellular exchange
EX_34hpl_e,Extracellular exchange
EX_3hpp_e,Extracellular exchange
EX_3hpppnohgluc_e,Extracellular exchange
EX_metasntyr_e,Extracellular exchange
EX_metglyarg_e,Extracellular exchange
EX_methislys_e,Extracellular exchange
EX_metmetile_e,Extracellular exchange
EX_mettrpphe_e,Extracellular exchange
EX_pheglnphe_e,Extracellular exchange
EX_pheleu_e,Extracellular exchange
EX_phelysala_e,Extracellular exchange
EX_3uib_e,Extracellular exchange
EX_4aabutn_e,Extracellular exchange
EX_pcholdoc_hs_e,Extracellular exchange
EX_pcholeic_hs_e,Extracellular exchange
EX_pcholhep_hs_e,Extracellular exchange
EX_phephe_e,Extracellular exchange
EX_phepheasn_e,Extracellular exchange
EX_phethrlys_e,Extracellular exchange
EX_phetrpleu_e,Extracellular exchange
EX_pchollinl_hs_e,Extracellular exchange
EX_pcholmyr_hs_e,Extracellular exchange
EX_pcholn15_hs_e,Extracellular exchange
EX_pcholn183_hs_e,Extracellular exchange
EX_pcholn1836_hs_e,Extracellular exchange
EX_pcholn19_hs_e,Extracellular exchange
EX_pcholn203_hs_e,Extracellular exchange
EX_pcholn204_hs_e,Extracellular exchange
EX_pcholn224_hs_e,Extracellular exchange
EX_phetyr_e,Extracellular exchange
EX_proargasp_e,Extracellular exchange
EX_procys_e,Extracellular exchange
EX_proglulys_e,Extracellular exchange
EX_pcholn225_hs_e,Extracellular exchange
EX_pcholn2254_hs_e,Extracellular exchange
EX_pcholn28_hs_e,Extracellular exchange
EX_pcholn281_hs_e,Extracellular exchange
EX_pcholole_hs_e,Extracellular exchange
EX_pcholpalme_hs_e,Extracellular exchange
EX_pcholste_hs_e,Extracellular exchange
EX_pcollg5hlys_e,Extracellular exchange
EX_pe12_hs_e,Extracellular exchange
EX_pe13_hs_e,Extracellular exchange
EX_pe17_hs_e,Extracellular exchange
EX_pe224_hs_e,Extracellular exchange
EX_pedh203_hs_e,Extracellular exchange
EX_pelinl_hs_e,Extracellular exchange
EX_peole_hs_e,Extracellular exchange
EX_saccrp__L_e,Extracellular exchange
EX_sphmyln181161_hs_e,Extracellular exchange
EX_sphmyln18117_hs_e,Extracellular exchange
EX_sphmyln18118_hs_e,Extracellular exchange
EX_sphmyln181201_hs_e,Extracellular exchange
EX_sphmyln18123_hs_e,Extracellular exchange
EX_sphmyln1824_hs_e,Extracellular exchange
EX_sphmyln1825_hs_e,Extracellular exchange
EX_steeth_e,Extracellular exchange
EX_tetdecaeth_e,Extracellular exchange
EX_tmlys_e,Extracellular exchange
EX_trideceth_e,Extracellular exchange
EX_urcan_e,Extracellular exchange
EX_xolest183_hs_e,Extracellular exchange
EX_xolest205_hs_e,Extracellular exchange
EX_xolest226_hs_e,Extracellular exchange
EX_estriol_e,Extracellular exchange
EX_3hpppn_e,Extracellular exchange
EX_5aop_e,Extracellular exchange
EX_abt__D_e,Extracellular exchange
EX_acglu_e,Extracellular exchange
EX_CE2510_e,Extracellular exchange
EX_ddca_e,Extracellular exchange
EX_glyc__R_e,Extracellular exchange
EX_Lcyst_e,Extracellular exchange
EX_pac_e,Extracellular exchange
EX_pser__L_e,Extracellular exchange
EX_bgly_e,Extracellular exchange
EX_normete__L_e,Extracellular exchange
EX_mepi_e,Extracellular exchange
EX_maltttr_e,Extracellular exchange
EX_thbpt_e,Extracellular exchange
EX_adprib_e,Extracellular exchange
EX_proleuarg_e,Extracellular exchange
EX_protrpthr_e,Extracellular exchange
EX_serargala_e,Extracellular exchange
EX_serargtrp_e,Extracellular exchange
EX_sercysarg_e,Extracellular exchange
EX_serglyglu_e,Extracellular exchange
EX_serphelys_e,Extracellular exchange
EX_sertrphis_e,Extracellular exchange
EX_thrargtyr_e,Extracellular exchange
EX_thrasntyr_e,Extracellular exchange
EX_thrglnglu_e,Extracellular exchange
EX_thrhishis_e,Extracellular exchange
EX_thrilearg_e,Extracellular exchange
EX_thrmetarg_e,Extracellular exchange
EX_trpalapro_e,Extracellular exchange
EX_trpaspasp_e,Extracellular exchange
EX_trpgluleu_e,Extracellular exchange
EX_trpglutyr_e,Extracellular exchange
EX_trpglyval_e,Extracellular exchange
EX_trphismet_e,Extracellular exchange
EX_trpmetarg_e,Extracellular exchange
EX_trpphe_e,Extracellular exchange
EX_trpprogly_e,Extracellular exchange
EX_trpproleu_e,Extracellular exchange
EX_trpproval_e,Extracellular exchange
EX_trpsertyr_e,Extracellular exchange
EX_trpthrglu_e,Extracellular exchange
EX_trpthrile_e,Extracellular exchange
EX_trpthrtyr_e,Extracellular exchange
EX_trpvalasp_e,Extracellular exchange
EX_sphmyln_hs_e,Extracellular exchange
EX_Lhcystin_e,Extracellular exchange
EX_tyrala_e,Extracellular exchange
EX_tyralaphe_e,Extracellular exchange
EX_tyrargglu_e,Extracellular exchange
EX_tyrasparg_e,Extracellular exchange
EX_tyrcysgly_e,Extracellular exchange
EX_tyrglu_e,Extracellular exchange
EX_valleuphe_e,Extracellular exchange
EX_vallystyr_e,Extracellular exchange
EX_valtrpphe_e,Extracellular exchange
EX_valtrpval_e,Extracellular exchange
EX_valval_e,Extracellular exchange
EX_trpglyasp_e,Extracellular exchange
EX_akg_e,Extracellular exchange
EX_asn__L_e,Extracellular exchange
EX_cgly_e,Extracellular exchange
EX_co2_e,Extracellular exchange
EX_cytd_e,Extracellular exchange
EX_dad_2_e,Extracellular exchange
EX_dcyt_e,Extracellular exchange
EX_dgsn_e,Extracellular exchange
EX_duri_e,Extracellular exchange
EX_fum_e,Extracellular exchange
EX_glyphe_e,Extracellular exchange
EX_glypro_e,Extracellular exchange
EX_h_e,Extracellular exchange
EX_ile__L_e,Extracellular exchange
EX_met__L_e,Extracellular exchange
EX_na1_e,Extracellular exchange
EX_ppi_e,Extracellular exchange
EX_pro__L_e,Extracellular exchange
EX_ser__L_e,Extracellular exchange
EX_so4_e,Extracellular exchange
EX_val__L_e,Extracellular exchange
EX_gua_e,Extracellular exchange
EX_4hbz_e,Extracellular exchange
EX_34dhpha_e,Extracellular exchange
EX_ppa_e,Extracellular exchange
EX_lcts_e,Extracellular exchange
EX_sucr_e,Extracellular exchange
EX_pheme_e,Extracellular exchange
EX_homoval_e,Extracellular exchange
EX_core7_e,Extracellular exchange
EX_core8_e,Extracellular exchange
EX_gncore2_e,Extracellular exchange
EX_mqn10_e,Extracellular exchange
EX_mqn11_e,Extracellular exchange
EX_mqn9_e,Extracellular exchange
EX_s2l2n2m2m_e,Extracellular exchange
EX_sTn_antigen_e,Extracellular exchange
EX_lpam_e,Extracellular exchange
EX_pa_hs_e,Extracellular exchange
EX_CE4969_e,Extracellular exchange
EX_CE1310_e,Extracellular exchange
EX_sucsal_e,Extracellular exchange
EX_CE7081_e,Extracellular exchange
EX_egme_e,Extracellular exchange
EX_12harachd_e,Extracellular exchange
EX_sql_e,Extracellular exchange
EX_orn__D_e,Extracellular exchange
EX_melatn_e,Extracellular exchange
EX_6hoxmelatn_e,Extracellular exchange
EX_CE4890_e,Extracellular exchange
EX_C05767_e,Extracellular exchange
EX_mhista_e,Extracellular exchange
EX_13dampp_e,Extracellular exchange
EX_mma_e,Extracellular exchange
EX_ametam_e,Extracellular exchange
EX_xylu__L_e,Extracellular exchange
EX_xylu__D_e,Extracellular exchange
EX_sphings_e,Extracellular exchange
EX_sphgn_e,Extracellular exchange
EX_N1aspmd_e,Extracellular exchange
EX_ala__L_e,Extracellular exchange
EX_his__L_e,Extracellular exchange
EX_1a25dhvitd3_e,Extracellular exchange
EX_fdp_e,Extracellular exchange
EX_coke_e,Extracellular exchange
EX_HC00006_e,Extracellular exchange
EX_HC00007_e,Extracellular exchange
EX_HC00008_e,Extracellular exchange
EX_HC00009_e,Extracellular exchange
EX_acgam_e,Extracellular exchange
EX_cit_e,Extracellular exchange
EX_csn_e,Extracellular exchange
EX_etha_e,Extracellular exchange
EX_fol_e,Extracellular exchange
EX_galt_e,Extracellular exchange
EX_CE5026_e,Extracellular exchange
EX_5cysgly34dhphe_e,Extracellular exchange
EX_CE1261_e,Extracellular exchange
EX_gm1_hs_e,Extracellular exchange
EX_gm2_hs_e,Extracellular exchange
EX_gm1b_hs_e,Extracellular exchange
EX_gd1b_hs_e,Extracellular exchange
EX_glcr_e,Extracellular exchange
EX_glcur_e,Extracellular exchange
EX_hxan_e,Extracellular exchange
EX_malt_e,Extracellular exchange
EX_malthx_e,Extracellular exchange
EX_thm_e,Extracellular exchange
EX_trp__L_e,Extracellular exchange
EX_ura_e,Extracellular exchange
EX_xan_e,Extracellular exchange
EX_xyl__D_e,Extracellular exchange
EX_mvlac_e,Extracellular exchange
EX_tiggly_e,Extracellular exchange
EX_3ohglutac_e,Extracellular exchange
EX_glutcon_e,Extracellular exchange
EX_3hivac_e,Extracellular exchange
EX_3ohsebac_e,Extracellular exchange
EX_3ohsubac_e,Extracellular exchange
EX_5ohhexa_e,Extracellular exchange
EX_7ohocata_e,Extracellular exchange
EX_methsucc_e,Extracellular exchange
EX_hpdece_e,Extracellular exchange
EX_5eipenc_e,Extracellular exchange
EX_5g2oxpt_e,Extracellular exchange
EX_andrstndn_e,Extracellular exchange
EX_eandrstrn_e,Extracellular exchange
EX_C05298_e,Extracellular exchange
EX_C05301_e,Extracellular exchange
EX_CE5072_e,Extracellular exchange
EX_11docrtstrn_e,Extracellular exchange
EX_CE2211_e,Extracellular exchange
EX_17ahprgstrn_e,Extracellular exchange
EX_HC02020_e,Extracellular exchange
EX_xol27oh_e,Extracellular exchange
EX_dsmsterol_e,Extracellular exchange
EX_CE1617_e,Extracellular exchange
EX_34dhoxmand_e,Extracellular exchange
EX_fna5moxam_e,Extracellular exchange
EX_CE5643_e,Extracellular exchange
EX_CE7085_e,Extracellular exchange
EX_CE1401_e,Extracellular exchange
EX_glucys_e,Extracellular exchange
EX_dopa4glcur_e,Extracellular exchange
EX_dopa3glcur_e,Extracellular exchange
EX_5cysdopa_e,Extracellular exchange
EX_gluside_hs_e,Extracellular exchange
EX_gd1a_hs_e,Extracellular exchange
EX_34dhpe_e,Extracellular exchange
EX_12htacr_e,Extracellular exchange
EX_1331tacr_e,Extracellular exchange
EX_14hmdz_e,Extracellular exchange
EX_1531tacr_e,Extracellular exchange
EX_15dmt_e,Extracellular exchange
EX_1hibup__S_e,Extracellular exchange
EX_1hmdgluc_e,Extracellular exchange
EX_1ohmdz_e,Extracellular exchange
EX_2hatvacid_e,Extracellular exchange
EX_2hatvlac_e,Extracellular exchange
EX_2hatvlacgluc_e,Extracellular exchange
EX_2hibup__R_e,Extracellular exchange
EX_2hibup__S_e,Extracellular exchange
EX_35dhpvs_e,Extracellular exchange
EX_3hibup__S_e,Extracellular exchange
EX_3hibupglu__S_e,Extracellular exchange
EX_lstnm4_e,Extracellular exchange
EX_lstnm5_e,Extracellular exchange
EX_lstnm7_e,Extracellular exchange
EX_3dhcdchol_e,Extracellular exchange
EX_3dhdchol_e,Extracellular exchange
EX_7dhchol_e,Extracellular exchange
EX_cdca3g_e,Extracellular exchange
EX_dca24g_e,Extracellular exchange
EX_dca3g_e,Extracellular exchange
EX_gca3s_e,Extracellular exchange
EX_gcdca3s_e,Extracellular exchange
EX_gdca3s_e,Extracellular exchange
EX_gudca3s_e,Extracellular exchange
EX_hca24g_e,Extracellular exchange
EX_hca6g_e,Extracellular exchange
EX_hyochol_e,Extracellular exchange
EX_isochol_e,Extracellular exchange
EX_lca24g_e,Extracellular exchange
EX_lca3s_e,Extracellular exchange
EX_tcdca3s_e,Extracellular exchange
EX_uchol_e,Extracellular exchange
EX_udca3s_e,Extracellular exchange
EX_mdz_e,Extracellular exchange
EX_mdzglc_e,Extracellular exchange
EX_mhglz_e,Extracellular exchange
EX_ndersv_e,Extracellular exchange
EX_nfd_e,Extracellular exchange
EX_nfdlac_e,Extracellular exchange
EX_nfdnpy_e,Extracellular exchange
EX_nfdoh_e,Extracellular exchange
EX_oxy1rb_e,Extracellular exchange
EX_oxy7rb_e,Extracellular exchange
EX_profvs_e,Extracellular exchange
EX_ptvst_e,Extracellular exchange
EX_ptvstlac_e,Extracellular exchange
EX_rsv_e,Extracellular exchange
EX_rsvlac_e,Extracellular exchange
EX_s3meacmp_e,Extracellular exchange
EX_stacmp_e,Extracellular exchange
EX_tauribup__S_e,Extracellular exchange
EX_tlacfvs_e,Extracellular exchange
EX_tmdm5_e,Extracellular exchange
EX_tsacmgluc_e,Extracellular exchange
EX_tsacmsul_e,Extracellular exchange
EX_rbl__D_e,Extracellular exchange
EX_M01966_e,Extracellular exchange
EX_M02155_e,Extracellular exchange
EX_M01989_e,Extracellular exchange
EX_M01881_e,Extracellular exchange
EX_M03131_e,Extracellular exchange
EX_n5m2masn_e,Extracellular exchange
EX_hretn_e,Extracellular exchange
EX_3hpvstet_e,Extracellular exchange
EX_3hsmvacid_e,Extracellular exchange
EX_3ispvs_e,Extracellular exchange
EX_4bhglz_e,Extracellular exchange
EX_4hatvlac_e,Extracellular exchange
EX_4ohmdz_e,Extracellular exchange
EX_56eppvs_e,Extracellular exchange
EX_5ohfvsglu_e,Extracellular exchange
EX_6ahglz_e,Extracellular exchange
EX_6bhglz_e,Extracellular exchange
EX_6bhglzglc_e,Extracellular exchange
EX_6csmvacid_e,Extracellular exchange
EX_6hlvst_e,Extracellular exchange
EX_6hsmvacid_e,Extracellular exchange
EX_6melvacid_e,Extracellular exchange
EX_6melvst_e,Extracellular exchange
EX_6ohfvsglu_e,Extracellular exchange
EX_7bhglzglc_e,Extracellular exchange
EX_acmp_e,Extracellular exchange
EX_acmpglu_e,Extracellular exchange
EX_allop_e,Extracellular exchange
EX_am1a4ncs_e,Extracellular exchange
EX_am1accs_e,Extracellular exchange
EX_am1acs_e,Extracellular exchange
EX_am1c9cs_e,Extracellular exchange
EX_am1ccs_e,Extracellular exchange
EX_am4n9cs_e,Extracellular exchange
EX_atvlac_e,Extracellular exchange
EX_caribup_s_e,Extracellular exchange
EX_caribupglu__S_e,Extracellular exchange
EX_crglz_e,Extracellular exchange
EX_crvsm1_e,Extracellular exchange
EX_crvsm23_e,Extracellular exchange
EX_csasulp_e,Extracellular exchange
EX_cysacmp_e,Extracellular exchange
EX_deoxfvs_e,Extracellular exchange
EX_desfvs_e,Extracellular exchange
EX_fvstet_e,Extracellular exchange
EX_ibup__S_e,Extracellular exchange
EX_lstn1gluc_e,Extracellular exchange
EX_lstnm2_e,Extracellular exchange
EX_C13856_e,Extracellular exchange
EX_M02956_e,Extracellular exchange
EX_M00241_e,Extracellular exchange
EX_M00003_e,Extracellular exchange
EX_M00010_e,Extracellular exchange
EX_M00017_e,Extracellular exchange
EX_M00021_e,Extracellular exchange
EX_M00260_e,Extracellular exchange
EX_M00265_e,Extracellular exchange
EX_M01207_e,Extracellular exchange
EX_M02613_e,Extracellular exchange
EX_M03045_e,Extracellular exchange
EX_M03051_e,Extracellular exchange
EX_M03153_e,Extracellular exchange
EX_M02561_e,Extracellular exchange
EX_M02909_e,Extracellular exchange
EX_M03117_e,Extracellular exchange
EX_M01872_e,Extracellular exchange
EX_hnifedipine_e,Extracellular exchange
EX_M02449_e,Extracellular exchange
EX_M02451_e,Extracellular exchange
EX_adpman_e,Extracellular exchange
EX_ctp_e,Extracellular exchange
EX_dtmp_e,Extracellular exchange
EX_fad_e,Extracellular exchange
EX_fald_e,Extracellular exchange
EX_g1p_e,Extracellular exchange
EX_HC01104_e,Extracellular exchange
EX_HC01441_e,Extracellular exchange
EX_HC01444_e,Extracellular exchange
EX_HC01609_e,Extracellular exchange
EX_cpppg1_e,Extracellular exchange
EX_HC01700_e,Extracellular exchange
EX_HC02161_e,Extracellular exchange
EX_itp_e,Extracellular exchange
EX_prpp_e,Extracellular exchange
EX_pydx5p_e,Extracellular exchange
EX_5hoxindoa_e,Extracellular exchange
EX_cala_e,Extracellular exchange
EX_cholp_e,Extracellular exchange
EX_dmgly_e,Extracellular exchange
EX_ethamp_e,Extracellular exchange
EX_g3pc_e,Extracellular exchange
EX_gudac_e,Extracellular exchange
EX_hcys__L_e,Extracellular exchange
EX_kynate_e,Extracellular exchange
EX_L2aadp_e,Extracellular exchange
EX_pep_e,Extracellular exchange
EX_xtsn_e,Extracellular exchange
EX_udpglcur_e,Extracellular exchange
EX_hLkynr_e,Extracellular exchange
EX_nicrnt_e,Extracellular exchange
EX_orot5p_e,Extracellular exchange
EX_alaasnleu_e,Extracellular exchange
EX_alalysthr_e,Extracellular exchange
EX_argargmet_e,Extracellular exchange
EX_argcysser_e,Extracellular exchange
EX_arggluglu_e,Extracellular exchange
EX_arghisthr_e,Extracellular exchange
EX_argleuphe_e,Extracellular exchange
EX_arglysasp_e,Extracellular exchange
EX_argserser_e,Extracellular exchange
EX_asnmetpro_e,Extracellular exchange
EX_asntyrgly_e,Extracellular exchange
EX_asntyrphe_e,Extracellular exchange
EX_aspalaarg_e,Extracellular exchange
EX_aspasnglu_e,Extracellular exchange
EX_aspglutrp_e,Extracellular exchange
EX_asphispro_e,Extracellular exchange
EX_asplysglu_e,Extracellular exchange
EX_asplyshis_e,Extracellular exchange
EX_aspmetasp_e,Extracellular exchange
EX_aspprolys_e,Extracellular exchange
EX_cysasnmet_e,Extracellular exchange
EX_cysaspphe_e,Extracellular exchange
EX_cyscys_e,Extracellular exchange
EX_cysglnmet_e,Extracellular exchange
EX_cysgluhis_e,Extracellular exchange
EX_cysglutrp_e,Extracellular exchange
EX_cysleuthr_e,Extracellular exchange
EX_glnhishis_e,Extracellular exchange
EX_glnlyslys_e,Extracellular exchange
EX_glnlystrp_e,Extracellular exchange
EX_glntrpglu_e,Extracellular exchange
EX_glntyrleu_e,Extracellular exchange
EX_gluglu_e,Extracellular exchange
EX_gluilelys_e,Extracellular exchange
EX_gluleu_e,Extracellular exchange
EX_glumet_e,Extracellular exchange
EX_glumethis_e,Extracellular exchange
EX_gluthr_e,Extracellular exchange
EX_glyhislys_e,Extracellular exchange
EX_glytyrlys_e,Extracellular exchange
EX_hisargcys_e,Extracellular exchange
EX_xol7ah3_e,Extracellular exchange
EX_xoldiolone_e,Extracellular exchange
EX_7klitchol_e,Extracellular exchange
EX_2obut_e,Extracellular exchange
EX_glcn_e,Extracellular exchange
EX_phpyr_e,Extracellular exchange
EX_2hyoxplac_e,Extracellular exchange
EX_glx_e,Extracellular exchange
EX_CE4970_e,Extracellular exchange
EX_actyr_e,Extracellular exchange
EX_sucaceto_e,Extracellular exchange
EX_nacvanala_e,Extracellular exchange
EX_2h3mv_e,Extracellular exchange
EX_3h3mglt_e,Extracellular exchange
EX_ppiogly_e,Extracellular exchange
EX_sbt__D_e,Extracellular exchange
EX_lvstacid_e,Extracellular exchange
EX_ptvstm13_e,Extracellular exchange
ACACT5p,Fatty acid oxidation
ACACT8p,Fatty acid oxidation
ACACT9p,Fatty acid oxidation
ACOAO7p,Fatty acid oxidation
ADRNCRNt,Fatty acid oxidation
C160CPT1,Fatty acid oxidation
C160CPT2,Fatty acid oxidation
C160CRNt,Fatty acid oxidation
C161CPT1,Fatty acid oxidation
C161CPT12,Fatty acid oxidation
C161CPT2,Fatty acid oxidation
C161CRN2t,Fatty acid oxidation
C161CRNt,Fatty acid oxidation
C180CPT1,Fatty acid oxidation
C181CPT1,Fatty acid oxidation
C181CRNt,Fatty acid oxidation
C204CPT1,Fatty acid oxidation
C204CPT2,Fatty acid oxidation
C226CPT1,Fatty acid oxidation
C226CPT2,Fatty acid oxidation
C226CRNt,Fatty acid oxidation
CLPNDCPT1,Fatty acid oxidation
CSNAT2m,Fatty acid oxidation
CSNAT2x,Fatty acid oxidation
CSNAT3x,Fatty acid oxidation
CSNATm,Fatty acid oxidation
CSNATp,Fatty acid oxidation
CSNATr,Fatty acid oxidation
DLNLCGCPT2,Fatty acid oxidation
DCSPTN1CPT1,Fatty acid oxidation
DCSPTN1CRNt,Fatty acid oxidation
DLNLCGCPT1,Fatty acid oxidation
DMHPTCRNCPT2,Fatty acid oxidation
C110CPT2m,Fatty acid oxidation
DMNONCRNt,Fatty acid oxidation
EICOSTETCPT1,Fatty acid oxidation
ETF,Fatty acid oxidation
ETFQO,Fatty acid oxidation
FACOAL140,Fatty acid oxidation
FACOAL160,Fatty acid oxidation
FACOAL170,Fatty acid oxidation
FACOAL181,Fatty acid oxidation
FACOAL1821,Fatty acid oxidation
FACOAL1822,Fatty acid oxidation
FACOAL1831,Fatty acid oxidation
FACOAL184,Fatty acid oxidation
FACOAL203,Fatty acid oxidation
FACOAL204,Fatty acid oxidation
FACOAL2042,Fatty acid oxidation
FACOAL205,Fatty acid oxidation
FACOAL2251,Fatty acid oxidation
FACOAL2252,Fatty acid oxidation
FACOAL240_1,Fatty acid oxidation
FACOAL241,Fatty acid oxidation
FACOAL245_1,Fatty acid oxidation
FACOAL40im,Fatty acid oxidation
FACOAL80,Fatty acid oxidation
FAOXC11,Fatty acid oxidation
FAOXC16080m,Fatty acid oxidation
FAOXC16080x,Fatty acid oxidation
FAOXC180x,Fatty acid oxidation
FAOXC1811601m,Fatty acid oxidation
FAOXC1811603m,Fatty acid oxidation
FAOXC182806m,Fatty acid oxidation
FAOXC18280m,Fatty acid oxidation
FAOXC183806m,Fatty acid oxidation
FAOXC18480m,Fatty acid oxidation
FAOXC200180x,Fatty acid oxidation
FAOXC2031836m,Fatty acid oxidation
FAOXC204,Fatty acid oxidation
FAOXC2051843m,Fatty acid oxidation
FAOXC2051843x,Fatty acid oxidation
FAOXC2251836m,Fatty acid oxidation
FAOXC2252053m,Fatty acid oxidation
FAOXC2252053x,Fatty acid oxidation
FAOXC226205m,Fatty acid oxidation
FAOXC2442246x,Fatty acid oxidation
FAOXC2452253x,Fatty acid oxidation
FAOXC2452256x,Fatty acid oxidation
FAOXC246226x,Fatty acid oxidation
FAOXC260240x_1,Fatty acid oxidation
FDH,Fatty acid oxidation
HPDCACRNCPT1,Fatty acid oxidation
HPDCACRNCPT2,Fatty acid oxidation
LNLCCPT1,Fatty acid oxidation
LNLCCPT2,Fatty acid oxidation
LNLCCRNt,Fatty acid oxidation
LNLNCGCPT2,Fatty acid oxidation
LNLNCGCRNt,Fatty acid oxidation
LPS3e,Fatty acid oxidation
MCDp,Fatty acid oxidation
PCRNtc,Fatty acid oxidation
PCRNtm,Fatty acid oxidation
PEROXx,Fatty acid oxidation
PHYHx,Fatty acid oxidation
PTDCACRNCPT2,Fatty acid oxidation
PTE4x,Fatty acid oxidation
RTOTAL3CRNCPT2,Fatty acid oxidation
STRDNCCPT1,Fatty acid oxidation
TETPENT3CPT1,Fatty acid oxidation
TETPENT6CPT1,Fatty acid oxidation
TETPENT6CRNt,Fatty acid oxidation
TETTET6CPT2,Fatty acid oxidation
TMNDNCCPT1,Fatty acid oxidation
TMNDNCCRNt,Fatty acid oxidation
TTDCPT2,Fatty acid oxidation
TTDCRNt,Fatty acid oxidation
r0287,Fatty acid oxidation
ACOAR7m,Fatty acid oxidation
r0310,Fatty acid oxidation
r0311,Fatty acid oxidation
r0433_1,Fatty acid oxidation
r0434,Fatty acid oxidation
r0437,Fatty acid oxidation
r0438,Fatty acid oxidation
r0441,Fatty acid oxidation
r0633,Fatty acid oxidation
r0637,Fatty acid oxidation
ACACT7m,Fatty acid oxidation
ECOAH5p,Fatty acid oxidation
r0717,Fatty acid oxidation
HACD6m,Fatty acid oxidation
r0721,Fatty acid oxidation
HACD5p,Fatty acid oxidation
ACACT5m,Fatty acid oxidation
ECOAH4p,Fatty acid oxidation
r0730,Fatty acid oxidation
r0731,Fatty acid oxidation
r0734,Fatty acid oxidation
r1251,Fatty acid oxidation
r1252,Fatty acid oxidation
r1253,Fatty acid oxidation
r1254,Fatty acid oxidation
r1260,Fatty acid oxidation
r1262,Fatty acid oxidation
r1400,Fatty acid oxidation
ACOAO5p,Fatty acid oxidation
ACOAO4p,Fatty acid oxidation
r1448,Fatty acid oxidation
r1449,Fatty acid oxidation
r1450,Fatty acid oxidation
r1487,Fatty acid oxidation
RE0512X,Fatty acid oxidation
RE1518X,Fatty acid oxidation
RE1519X,Fatty acid oxidation
RE1520M,Fatty acid oxidation
RE1520X,Fatty acid oxidation
RE1522M,Fatty acid oxidation
RE1522X,Fatty acid oxidation
RE1526M,Fatty acid oxidation
RE1526X,Fatty acid oxidation
RE1527M,Fatty acid oxidation
RE1527X,Fatty acid oxidation
RE1531M,Fatty acid oxidation
RE1533X,Fatty acid oxidation
RE1534M,Fatty acid oxidation
RE1534X,Fatty acid oxidation
RE1516X,Fatty acid oxidation
RE1517M,Fatty acid oxidation
RE2985X,Fatty acid oxidation
RE2986X,Fatty acid oxidation
RE2991X,Fatty acid oxidation
RE2992M,Fatty acid oxidation
RE2998M,Fatty acid oxidation
RE3076X,Fatty acid oxidation
RE2999M,Fatty acid oxidation
RE3000M,Fatty acid oxidation
RE3192M,Fatty acid oxidation
RE3079X,Fatty acid oxidation
RE3001M,Fatty acid oxidation
RE3081X,Fatty acid oxidation
RE3002X,Fatty acid oxidation
RE3005M,Fatty acid oxidation
RE3193M,Fatty acid oxidation
RE3194M,Fatty acid oxidation
RE3103C,Fatty acid oxidation
RE3104C,Fatty acid oxidation
RE3247M,Fatty acid oxidation
RE3247X,Fatty acid oxidation
RE3110C,Fatty acid oxidation
RE3113C,Fatty acid oxidation
RE3114R,Fatty acid oxidation
RE3119C,Fatty acid oxidation
RE3120C,Fatty acid oxidation
RE3122C,Fatty acid oxidation
RE3626M,Fatty acid oxidation
RE3628M,Fatty acid oxidation
RE3146R,Fatty acid oxidation
C12OHc,Fatty acid oxidation
RE3153C,Fatty acid oxidation
RE3156X,Fatty acid oxidation
C141OHe,Fatty acid oxidation
RE3165C,Fatty acid oxidation
C142CPT1,Fatty acid oxidation
C142OHc,Fatty acid oxidation
RE3168C,Fatty acid oxidation
C14OHc,Fatty acid oxidation
C162ACBP,Fatty acid oxidation
RE3169C,Fatty acid oxidation
C16OHc,Fatty acid oxidation
C182OHc,Fatty acid oxidation
C18OHc,Fatty acid oxidation
RE3170C,Fatty acid oxidation
3HBCOARc,Fatty acid oxidation
ADPCOACROT,Fatty acid oxidation
RE3174C,Fatty acid oxidation
ADPCOAPTE,Fatty acid oxidation
C102CPT1,Fatty acid oxidation
C3DCe,Fatty acid oxidation
C4CRNCPT2,Fatty acid oxidation
RE3175C,Fatty acid oxidation
C4CRNe,Fatty acid oxidation
C4DCCACT,Fatty acid oxidation
C10DCe,Fatty acid oxidation
C10OHc,Fatty acid oxidation
RE3178M,Fatty acid oxidation
C120CPT1,Fatty acid oxidation
C121CPT1,Fatty acid oxidation
C4DCe,Fatty acid oxidation
C51CPT1,Fatty acid oxidation
C12DCTD,Fatty acid oxidation
C12DCe,Fatty acid oxidation
C5DCe,Fatty acid oxidation
C60CPT1,Fatty acid oxidation
RE3179M,Fatty acid oxidation
FAOXC122m,Fatty acid oxidation
C6DCCACT,Fatty acid oxidation
C6DCc,Fatty acid oxidation
C80CPT1,Fatty acid oxidation
C81CRNe,Fatty acid oxidation
DDCRNe,Fatty acid oxidation
DOCOSACT,Fatty acid oxidation
DOCOSACTDe,Fatty acid oxidation
DOCOSACTDr,Fatty acid oxidation
DOCO13EFATP,Fatty acid oxidation
FAOXC16C16OHm,Fatty acid oxidation
FAOXC123C102x,Fatty acid oxidation
FAOXC16DCC14DCx,Fatty acid oxidation
FAOXC16DCr,Fatty acid oxidation
FAOXC16OHC16r,Fatty acid oxidation
FAOXC170150m,Fatty acid oxidation
FAOXC181C181OHm,Fatty acid oxidation
FAOXC123m,Fatty acid oxidation
FAOXC182C162m,Fatty acid oxidation
FAOXC183C163m,Fatty acid oxidation
FAOXC120100x,Fatty acid oxidation
FAOXC184C163x,Fatty acid oxidation
FAOXC184C164m,Fatty acid oxidation
FAOXC184m,Fatty acid oxidation
FAOXC185C164m,Fatty acid oxidation
FAOXC18C18OHm,Fatty acid oxidation
FAOXC204C205x,Fatty acid oxidation
FAOXC101C8x,Fatty acid oxidation
FAOXC12DCC10DCx,Fatty acid oxidation
FAOXC101x,Fatty acid oxidation
FAOXC102C101m,Fatty acid oxidation
FAOXC102C81m,Fatty acid oxidation
FAOXC221C201x,Fatty acid oxidation
FAOXC225C204m,Fatty acid oxidation
FAOXC225C226m,Fatty acid oxidation
FAOXC225C226x,Fatty acid oxidation
FAOXC102C81x,Fatty acid oxidation
FAOXC102m,Fatty acid oxidation
FAOXC102x,Fatty acid oxidation
FAOXC226C225m,Fatty acid oxidation
FAOXC227C226m,Fatty acid oxidation
FAOXC12DCc,Fatty acid oxidation
FAOXC22C22DCHYr,Fatty acid oxidation
FAOXC22OHC22r,Fatty acid oxidation
FAOXC103C102m,Fatty acid oxidation
FAOXC103C102x,Fatty acid oxidation
FAOXC10C10OHm,Fatty acid oxidation
FAOXC10080m,Fatty acid oxidation
FAOXC10080x,Fatty acid oxidation
FAOXC121C101m,Fatty acid oxidation
FAOXC3DC,Fatty acid oxidation
FAOXC4020m,Fatty acid oxidation
FAOXC4C4DCc,Fatty acid oxidation
FAOXC61m,Fatty acid oxidation
FAOXC6C4x,Fatty acid oxidation
FAOXC6DCC4DCx,Fatty acid oxidation
FAOXC12DCx,Fatty acid oxidation
FAOXC81C61m,Fatty acid oxidation
FAOXC8C6m,Fatty acid oxidation
FAOXC8DCC6DCx,Fatty acid oxidation
FAOXC13BRC11BRx,Fatty acid oxidation
FAOXC9C7m,Fatty acid oxidation
FAOXOHC16C16DCc,Fatty acid oxidation
FAOXOHC22C22DCc,Fatty acid oxidation
SUBERCROT,Fatty acid oxidation
FAOXC13C11m,Fatty acid oxidation
SUBERICACT,Fatty acid oxidation
SUCCCROT,Fatty acid oxidation
FAOXC141C141OHm,Fatty acid oxidation
TDCRNe,Fatty acid oxidation
FAOXC142C122m,Fatty acid oxidation
TETDECE1CRNe,Fatty acid oxidation
TIGCRNe,Fatty acid oxidation
FAOXC142C122x,Fatty acid oxidation
FAOXC143C123m,Fatty acid oxidation
FAOXC143C123x,Fatty acid oxidation
FAOXC140120m,Fatty acid oxidation
FAOXC14C14OHm,Fatty acid oxidation
FAOXC15ATPx,Fatty acid oxidation
FAOXOHMC10DC10c,Fatty acid oxidation
FAOXTC162TC142m,Fatty acid oxidation
FAOXTC182TC162m,Fatty acid oxidation
FAOXC15BRC13BRx,Fatty acid oxidation
FOAXC122C101x,Fatty acid oxidation
FAOXC15NADx,Fatty acid oxidation
HDCACBP,Fatty acid oxidation
FAOXC161C141m,Fatty acid oxidation
FAOXC161C141x,Fatty acid oxidation
HEXDIACtr,Fatty acid oxidation
HEXDICOAACBPx,Fatty acid oxidation
HIVCACBP,Fatty acid oxidation
HIVCRNe,Fatty acid oxidation
FAOXC161C161OHm,Fatty acid oxidation
HTDCACBP,Fatty acid oxidation
HTDCRNe,Fatty acid oxidation
IVCOAACBP,Fatty acid oxidation
IVCRNe,Fatty acid oxidation
OCD11COACPT1_1,Fatty acid oxidation
FAOXC162C162OHm,Fatty acid oxidation
OCT11EFATP_1,Fatty acid oxidation
OCTDECCPT1,Fatty acid oxidation
FAOXC163C142x,Fatty acid oxidation
OCTDECE1CRNe,Fatty acid oxidation
OMHDEACIDTD,Fatty acid oxidation
SBCOAACOTx,Fatty acid oxidation
FAOXC163C164Gm,Fatty acid oxidation
FAOXC163C164x,Fatty acid oxidation
FAOXC163Gm,Fatty acid oxidation
FAOXC163x,Fatty acid oxidation
FAOXC164C143m,Fatty acid oxidation
FAOXC164C143x,Fatty acid oxidation
FAOXC164C163x,Fatty acid oxidation
FAOXC164C165m,Fatty acid oxidation
FAOXC164m,Fatty acid oxidation
FAOXC164x,Fatty acid oxidation
FAOXC165C164m,Fatty acid oxidation
FACOAE160,Fatty acid oxidation
HXCOAx,Fatty acid oxidation
TTDCEAc,Fatty acid oxidation
ACCOAC,Fatty acid oxidation
3HADICOAx,Fatty acid oxidation
3HADPACx,Fatty acid oxidation
3OHSEBCOAx,Fatty acid oxidation
3OHSUBACx,Fatty acid oxidation
5OHHEXAc,Fatty acid oxidation
METHSUCC,Fatty acid oxidation
HPDECECOAm,Fatty acid oxidation
HPDECEm,Fatty acid oxidation
EIC21114TRc,Fatty acid oxidation
FACOAE120,Fatty acid oxidation
HMR_0206,Fatty acid oxidation
HMR_0210,Fatty acid oxidation
HMR_0214,Fatty acid oxidation
HMR_0238,Fatty acid oxidation
HMR_0246,Fatty acid oxidation
HMR_0256,Fatty acid oxidation
HMR_0302,Fatty acid oxidation
HMR_0260,Fatty acid oxidation
HMR_0306,Fatty acid oxidation
HMR_0324,Fatty acid oxidation
HMR_0268,Fatty acid oxidation
HMR_0272,Fatty acid oxidation
HMR_0276,Fatty acid oxidation
HMR_0280,Fatty acid oxidation
HMR_0394,Fatty acid oxidation
FACOAE1829Z12Z,Fatty acid oxidation
HMR_0410,Fatty acid oxidation
ACChex,Fatty acid oxidation
HMR_0346,Fatty acid oxidation
HMR_0354,Fatty acid oxidation
HMR_0358,Fatty acid oxidation
HMR_0426,Fatty acid oxidation
HMR_0430,Fatty acid oxidation
HMR_0434,Fatty acid oxidation
HMR_0386,Fatty acid oxidation
HMR_2620,Fatty acid oxidation
HMR_2633,Fatty acid oxidation
HMR_2648,Fatty acid oxidation
HMR_2681,Fatty acid oxidation
HMR_2687,Fatty acid oxidation
HMR_2705,Fatty acid oxidation
HMR_2657,Fatty acid oxidation
VACCCPT1,Fatty acid oxidation
HMR_2666,Fatty acid oxidation
HMR_2711,Fatty acid oxidation
HMR_3054,Fatty acid oxidation
HMR_3055,Fatty acid oxidation
HMR_3114,Fatty acid oxidation
HMR_2768,Fatty acid oxidation
HMR_3057,Fatty acid oxidation
HMR_3059,Fatty acid oxidation
HMR_3115,Fatty acid oxidation
HMR_3062,Fatty acid oxidation
HMR_3116,Fatty acid oxidation
KAT180_m,Fatty acid oxidation
HMR_3063,Fatty acid oxidation
HMR_3067,Fatty acid oxidation
HMR_3070,Fatty acid oxidation
HMR_3071,Fatty acid oxidation
HMR_3072,Fatty acid oxidation
HMR_3128,Fatty acid oxidation
ACOADH100_m,Fatty acid oxidation
HMR_3170,Fatty acid oxidation
HMR_3172,Fatty acid oxidation
HMR_3073,Fatty acid oxidation
HMR_3075,Fatty acid oxidation
HMR_3174,Fatty acid oxidation
HMR_2771,Fatty acid oxidation
HMR_3176,Fatty acid oxidation
HMR_3184,Fatty acid oxidation
HMR_3096,Fatty acid oxidation
HMR_3097,Fatty acid oxidation
HMR_3099,Fatty acid oxidation
HMR_3185,Fatty acid oxidation
HMR_3189,Fatty acid oxidation
HMR_3190,Fatty acid oxidation
HMR_3191,Fatty acid oxidation
HMR_3192,Fatty acid oxidation
HMR_3193,Fatty acid oxidation
HMR_3195,Fatty acid oxidation
HMR_3101,Fatty acid oxidation
HMR_3102,Fatty acid oxidation
HMR_3111,Fatty acid oxidation
HMR_3200,Fatty acid oxidation
HMR_3203,Fatty acid oxidation
HMR_3204,Fatty acid oxidation
HMR_3205,Fatty acid oxidation
HMR_3218,Fatty acid oxidation
HMR_3225,Fatty acid oxidation
HMR_3220,Fatty acid oxidation
HMR_3221,Fatty acid oxidation
HMR_3229,Fatty acid oxidation
HMR_3234,Fatty acid oxidation
HMR_3222,Fatty acid oxidation
HMR_3240,Fatty acid oxidation
HMR_3241,Fatty acid oxidation
HMR_3243,Fatty acid oxidation
HMR_3244,Fatty acid oxidation
HMR_3247,Fatty acid oxidation
HMR_3321,Fatty acid oxidation
HMR_3328,Fatty acid oxidation
HMR_3332,Fatty acid oxidation
HMR_3333,Fatty acid oxidation
HMR_3408,Fatty acid oxidation
HMR_3409,Fatty acid oxidation
HMR_3413,Fatty acid oxidation
HMR_3335,Fatty acid oxidation
HMR_3336,Fatty acid oxidation
HMR_3414,Fatty acid oxidation
HMR_3338,Fatty acid oxidation
HMR_3416,Fatty acid oxidation
HMR_3339,Fatty acid oxidation
HMR_3421,Fatty acid oxidation
HMR_3425,Fatty acid oxidation
HMR_3426,Fatty acid oxidation
HMR_3340,Fatty acid oxidation
HMR_3342,Fatty acid oxidation
HMR_3343,Fatty acid oxidation
HMR_3345,Fatty acid oxidation
HMR_3427,Fatty acid oxidation
HMR_3428,Fatty acid oxidation
HMR_3346,Fatty acid oxidation
HMR_3347,Fatty acid oxidation
HMR_3349,Fatty acid oxidation
HMR_3351,Fatty acid oxidation
HMR_3353,Fatty acid oxidation
HMR_3431,Fatty acid oxidation
HMR_3432,Fatty acid oxidation
HMR_3433,Fatty acid oxidation
HMR_3398,Fatty acid oxidation
HMR_3407,Fatty acid oxidation
HMR_3505,Fatty acid oxidation
HMR_3475,Fatty acid oxidation
ACACT4p,Fatty acid oxidation
ACACT6p,Fatty acid oxidation
ACACT7p,Fatty acid oxidation
ACCOACrm,Fatty acid oxidation
ADRNCPT1,Fatty acid oxidation
ADRNCPT2,Fatty acid oxidation
ALDD21,Fatty acid oxidation
ARACHCPT1,Fatty acid oxidation
ARACHCPT2,Fatty acid oxidation
ARACHCRNt,Fatty acid oxidation
C161CPT22,Fatty acid oxidation
C180CPT2,Fatty acid oxidation
C180CRNt,Fatty acid oxidation
C181CPT2,Fatty acid oxidation
C204CRNt,Fatty acid oxidation
CLPNDCPT2,Fatty acid oxidation
CLPNDCRNt,Fatty acid oxidation
CSNATer,Fatty acid oxidation
DCIm,Fatty acid oxidation
DCSPTN1CPT2,Fatty acid oxidation
DLNLCGCRNt,Fatty acid oxidation
DMHPTCRNt,Fatty acid oxidation
DMNONCOACRNCPT1,Fatty acid oxidation
EICOSTETCPT2,Fatty acid oxidation
EICOSTETCRNt,Fatty acid oxidation
ELAIDCPT1,Fatty acid oxidation
ELAIDCPT2,Fatty acid oxidation
ELAIDCRNt,Fatty acid oxidation
FACOAL150,Fatty acid oxidation
FACOAL180,Fatty acid oxidation
FACOAL1812_1,Fatty acid oxidation
FACOAL1813,Fatty acid oxidation
FACOAL1832,Fatty acid oxidation
FACOAL191,Fatty acid oxidation
FACOAL200,Fatty acid oxidation
FACOAL206,Fatty acid oxidation
FACOAL224,Fatty acid oxidation
FACOAL226,Fatty acid oxidation
FACOAL244_1,Fatty acid oxidation
FACOAL245_2,Fatty acid oxidation
FACOAL246_1,Fatty acid oxidation
FACOAL260,Fatty acid oxidation
FAOXC140,Fatty acid oxidation
FAOXC150m,Fatty acid oxidation
FAOXC160,Fatty acid oxidation
FAOXC161802m,Fatty acid oxidation
FAOXC16180m,Fatty acid oxidation
FAOXC170m,Fatty acid oxidation
FAOXC180,Fatty acid oxidation
FAOXC1811602m_1,Fatty acid oxidation
FAOXC183803m,Fatty acid oxidation
FAOXC183806x,Fatty acid oxidation
FAOXC18480x,Fatty acid oxidation
FAOXC200180m,Fatty acid oxidation
FAOXC204184m,Fatty acid oxidation
FAOXC2242046m,Fatty acid oxidation
FAOXC2242046x,Fatty acid oxidation
FAOXC2251836x,Fatty acid oxidation
FAOXC226,Fatty acid oxidation
RE0512M,Fatty acid oxidation
FAOXC226205x,Fatty acid oxidation
FAOXC240200x_1,Fatty acid oxidation
RE2624M,Fatty acid oxidation
RE2624X,Fatty acid oxidation
RE3185M,Fatty acid oxidation
RE3186M,Fatty acid oxidation
RE3189M,Fatty acid oxidation
RE3190M,Fatty acid oxidation
RE3191M,Fatty acid oxidation
RE3195M,Fatty acid oxidation
FAOXC241181x,Fatty acid oxidation
FAOXC80,Fatty acid oxidation
RE1517X,Fatty acid oxidation
RE1518M,Fatty acid oxidation
RE1521M,Fatty acid oxidation
RE1521X,Fatty acid oxidation
RE1523M,Fatty acid oxidation
RE1523X,Fatty acid oxidation
RE1525M,Fatty acid oxidation
RE1525X,Fatty acid oxidation
RE1531X,Fatty acid oxidation
RE1532M,Fatty acid oxidation
RE1532X,Fatty acid oxidation
RE1533M,Fatty acid oxidation
RE1573M,Fatty acid oxidation
RE1573X,Fatty acid oxidation
RE2759X,Fatty acid oxidation
2MB2COAc,Fatty acid oxidation
ADPACDAc,Fatty acid oxidation
ADPACTD,Fatty acid oxidation
RE2912M,Fatty acid oxidation
RE2985M,Fatty acid oxidation
RE2987X,Fatty acid oxidation
RE2988X,Fatty acid oxidation
BCRNe,Fatty acid oxidation
C100CPT1,Fatty acid oxidation
C101CPT1,Fatty acid oxidation
C101CRNe,Fatty acid oxidation
C10CRNe,Fatty acid oxidation
C10DCCACT,Fatty acid oxidation
C10DCc,Fatty acid oxidation
C12DCACOT,Fatty acid oxidation
RE2989X,Fatty acid oxidation
RE2990X,Fatty acid oxidation
RE2992X,Fatty acid oxidation
RE2993X,Fatty acid oxidation
RE2994X,Fatty acid oxidation
RE2996X,Fatty acid oxidation
RE2997X,Fatty acid oxidation
RE3003M,Fatty acid oxidation
RE3004M,Fatty acid oxidation
RE3006M,Fatty acid oxidation
C12DCACT,Fatty acid oxidation
DOCOSADIACTD,Fatty acid oxidation
DOCOSDIACTD,Fatty acid oxidation
FAOXC101C102m,Fatty acid oxidation
FAOXC101C102x,Fatty acid oxidation
RE3624M,Fatty acid oxidation
FAOXC101C8m,Fatty acid oxidation
FAOXC102C101x,Fatty acid oxidation
FAOXC102C103m,Fatty acid oxidation
FAOXC102C103x,Fatty acid oxidation
FAOXC10DCC8DCx,Fatty acid oxidation
FAOXC11BRC9BRx,Fatty acid oxidation
FAOXC11C9m,Fatty acid oxidation
FAOXC121C10x,Fatty acid oxidation
FAOXC121x,Fatty acid oxidation
FAOXC122C101m,Fatty acid oxidation
SEBCOAPET,Fatty acid oxidation
SUBEACTD,Fatty acid oxidation
SUBERCACT,Fatty acid oxidation
SUCCACT,Fatty acid oxidation
SUCCOAPET,Fatty acid oxidation
TETDEC2CRNe,Fatty acid oxidation
TTDCPT1,Fatty acid oxidation
C141ACBP,Fatty acid oxidation
C141CPT1,Fatty acid oxidation
C141OHc,Fatty acid oxidation
C142ACBP,Fatty acid oxidation
C142OHe,Fatty acid oxidation
C161OHc,Fatty acid oxidation
C162OHc,Fatty acid oxidation
C162OHe,Fatty acid oxidation
C16DCc,Fatty acid oxidation
C16DCe,Fatty acid oxidation
C181OHc,Fatty acid oxidation
C30CPT1,Fatty acid oxidation
C40CPT1,Fatty acid oxidation
C4OHc,Fatty acid oxidation
C50CPT1,Fatty acid oxidation
C6CRNe,Fatty acid oxidation
C6DCe,Fatty acid oxidation
C81CPT1,Fatty acid oxidation
C8CRNe,Fatty acid oxidation
C8DCc,Fatty acid oxidation
C8DCe,Fatty acid oxidation
DCATDc,Fatty acid oxidation
DCATDr,Fatty acid oxidation
DDECCRNe,Fatty acid oxidation
DDECE1CRNe,Fatty acid oxidation
DECCRNe,Fatty acid oxidation
DECDICRNe,Fatty acid oxidation
FAOXC160140x,Fatty acid oxidation
FAOXC181C161m,Fatty acid oxidation
FAOXC181C161x,Fatty acid oxidation
FAOXC182C182OHm,Fatty acid oxidation
FAOXC183C163Gm,Fatty acid oxidation
FAOXC184C163m,Fatty acid oxidation
FAOXC184C164x,Fatty acid oxidation
FAOXC184x,Fatty acid oxidation
FAOXC185m,Fatty acid oxidation
FAOXC201C181x,Fatty acid oxidation
FAOXC204C184m,Fatty acid oxidation
FAOXC205C184x,Fatty acid oxidation
FAOXC205C185m,Fatty acid oxidation
FAOXC225C204x,Fatty acid oxidation
FAOXC225m,Fatty acid oxidation
FAOXC225x,Fatty acid oxidation
FAOXC226C205m,Fatty acid oxidation
FAOXC226C225x,Fatty acid oxidation
FAOXC226C227m,Fatty acid oxidation
FAOXC226m,Fatty acid oxidation
FAOXC22C20x,Fatty acid oxidation
FAOXC241C221x,Fatty acid oxidation
FAOXC24C22x,Fatty acid oxidation
FAOXC5C3x,Fatty acid oxidation
FAOXC5C5DCc,Fatty acid oxidation
FAOXC5C5OHm,Fatty acid oxidation
FAOXC5OHc,Fatty acid oxidation
FAOXC61C4m,Fatty acid oxidation
FAOXC61C4x,Fatty acid oxidation
FAOXC61x,Fatty acid oxidation
FAOXC6C4m,Fatty acid oxidation
FAOXC7C5m,Fatty acid oxidation
FAOXC81C61x,Fatty acid oxidation
FAOXC8C6x,Fatty acid oxidation
FAOXMC10OHMC10r,Fatty acid oxidation
FAOXTC101TC102m,Fatty acid oxidation
FAOXTC102C101m,Fatty acid oxidation
FAOXTC122TC101m,Fatty acid oxidation
FAOXTC122m,Fatty acid oxidation
C14825c,Fatty acid oxidation
FAOXTC142TC122m,Fatty acid oxidation
GLUTCOAACBP,Fatty acid oxidation
HDDACBP,Fatty acid oxidation
HDECAACBP,Fatty acid oxidation
HDECEACBP,Fatty acid oxidation
HEDCECRNe,Fatty acid oxidation
HEXCOAACBP,Fatty acid oxidation
HEXDCRNe,Fatty acid oxidation
HEXDICOAACBP,Fatty acid oxidation
HOCDACBP,Fatty acid oxidation
HOCTDACBP,Fatty acid oxidation
HOCTDEC2CRNe,Fatty acid oxidation
HOCTDECCRNe,Fatty acid oxidation
OCD11CRNCACT,Fatty acid oxidation
OCD11CRNCPT2_1,Fatty acid oxidation
OCTDEC2ACBP,Fatty acid oxidation
OCTDECCACT,Fatty acid oxidation
OCTDECCPT2,Fatty acid oxidation
OMHDOCOSACTD,Fatty acid oxidation
OMHPALTD,Fatty acid oxidation
SEBACACT,Fatty acid oxidation
SEBACIDTD,Fatty acid oxidation
CE4843HYDc,Fatty acid oxidation
FACOAE60,Fatty acid oxidation
TETDECA511ACc,Fatty acid oxidation
SEBCOACROT,Fatty acid oxidation
HXCOAm,Fatty acid oxidation
FACOAL161,Fatty acid oxidation
HMR_0193,Fatty acid oxidation
FACOAE140,Fatty acid oxidation
HMR_0201,Fatty acid oxidation
FACOAE161,Fatty acid oxidation
HMR_0234,Fatty acid oxidation
HMR_0290,Fatty acid oxidation
3OHSEBACx,Fatty acid oxidation
3OHSUBCOAx,Fatty acid oxidation
HMR_0298,Fatty acid oxidation
HMR_0310,Fatty acid oxidation
CAPROICc,Fatty acid oxidation
7OHOCTAc,Fatty acid oxidation
ETHMALCOAc,Fatty acid oxidation
ETHMALACc,Fatty acid oxidation
METHSUCCOAc,Fatty acid oxidation
HMR_0328,Fatty acid oxidation
FACOAE1839Z12Z15Z,Fatty acid oxidation
HMR_0362,Fatty acid oxidation
HMR_0366,Fatty acid oxidation
HMR_0370,Fatty acid oxidation
HMR_0374,Fatty acid oxidation
HMR_0378,Fatty acid oxidation
HMR_0382,Fatty acid oxidation
THEXDDm,Fatty acid oxidation
HEXDTRm,Fatty acid oxidation
5EIPENCm,Fatty acid oxidation
HMR_2675,Fatty acid oxidation
HMR_2684,Fatty acid oxidation
HMR_2690,Fatty acid oxidation
HMR_2693,Fatty acid oxidation
HMR_2699,Fatty acid oxidation
HMR_2702,Fatty acid oxidation
HMR_2708,Fatty acid oxidation
HMR_2733,Fatty acid oxidation
HMR_3053,Fatty acid oxidation
HMR_3056,Fatty acid oxidation
HMR_3058,Fatty acid oxidation
HMR_3064,Fatty acid oxidation
HMR_3065,Fatty acid oxidation
HMR_3066,Fatty acid oxidation
HMR_3068,Fatty acid oxidation
HMR_3069,Fatty acid oxidation
ACOAO8p,Fatty acid oxidation
HMR_3076,Fatty acid oxidation
HMR_3094,Fatty acid oxidation
HMR_3095,Fatty acid oxidation
HMR_3098,Fatty acid oxidation
HMR_3100,Fatty acid oxidation
HMR_3107,Fatty acid oxidation
HMR_3108,Fatty acid oxidation
HMR_3109,Fatty acid oxidation
HMR_3110,Fatty acid oxidation
HMR_3112,Fatty acid oxidation
HMR_3230,Fatty acid oxidation
HMR_0242,Fatty acid oxidation
HMR_0390,Fatty acid oxidation
FACOAE1836Z9Z12Z,Fatty acid oxidation
HMR_0406,Fatty acid oxidation
HMR_0414,Fatty acid oxidation
HMR_0418,Fatty acid oxidation
HMR_0422,Fatty acid oxidation
HMR_0438,Fatty acid oxidation
HMR_3231,Fatty acid oxidation
HMR_3232,Fatty acid oxidation
HMR_3233,Fatty acid oxidation
HMR_3235,Fatty acid oxidation
HMR_3236,Fatty acid oxidation
HMR_3237,Fatty acid oxidation
HMR_3242,Fatty acid oxidation
HMR_3245,Fatty acid oxidation
HMR_3246,Fatty acid oxidation
HMR_3296,Fatty acid oxidation
HMR_3322,Fatty acid oxidation
HMR_3326,Fatty acid oxidation
HMR_3327,Fatty acid oxidation
HMR_3329,Fatty acid oxidation
HMR_3330,Fatty acid oxidation
HMR_3331,Fatty acid oxidation
HMR_3334,Fatty acid oxidation
HMR_3337,Fatty acid oxidation
HMR_3341,Fatty acid oxidation
HMR_3344,Fatty acid oxidation
HMR_3348,Fatty acid oxidation
HMR_3350,Fatty acid oxidation
HMR_3352,Fatty acid oxidation
HMR_3396,Fatty acid oxidation
HMR_3397,Fatty acid oxidation
HMR_3406,Fatty acid oxidation
HMR_3522,Fatty acid oxidation
HMR_2602,Fatty acid oxidation
HMR_2608,Fatty acid oxidation
HMR_2611,Fatty acid oxidation
HMR_2651,Fatty acid oxidation
HMR_2669,Fatty acid oxidation
HMR_3117,Fatty acid oxidation
ACOADH160_m,Fatty acid oxidation
ACOADH120_m,Fatty acid oxidation
HMR_3149,Fatty acid oxidation
ACOADH60_m,Fatty acid oxidation
HMR_3171,Fatty acid oxidation
HMR_3173,Fatty acid oxidation
HMR_3175,Fatty acid oxidation
HMR_3177,Fatty acid oxidation
HMR_3178,Fatty acid oxidation
HMR_3179,Fatty acid oxidation
HMR_3180,Fatty acid oxidation
HMR_3181,Fatty acid oxidation
HMR_3182,Fatty acid oxidation
HMR_3183,Fatty acid oxidation
HMR_3186,Fatty acid oxidation
HMR_3187,Fatty acid oxidation
HMR_3188,Fatty acid oxidation
HMR_3194,Fatty acid oxidation
HMR_3196,Fatty acid oxidation
HMR_3197,Fatty acid oxidation
HMR_3198,Fatty acid oxidation
HMR_3199,Fatty acid oxidation
HMR_3201,Fatty acid oxidation
HMR_3202,Fatty acid oxidation
HMR_3219,Fatty acid oxidation
HMR_3223,Fatty acid oxidation
HMR_3224,Fatty acid oxidation
HMR_3491,Fatty acid oxidation
HMR_3411,Fatty acid oxidation
HMR_3422,Fatty acid oxidation
HMR_3423,Fatty acid oxidation
HMR_3424,Fatty acid oxidation
HMR_3429,Fatty acid oxidation
FCOAH2,Fatty acid oxidation
HPCLx_1,Fatty acid oxidation
HPDCACRNt,Fatty acid oxidation
LCAT1e,Fatty acid oxidation
LNELDCCPT1,Fatty acid oxidation
LNELDCCPT2,Fatty acid oxidation
LNELDCCRNt,Fatty acid oxidation
LNLNCACPT1,Fatty acid oxidation
LNLNCACPT2,Fatty acid oxidation
LNLNCACRNt,Fatty acid oxidation
LNLNCGCPT1,Fatty acid oxidation
LPS2e,Fatty acid oxidation
MCD,Fatty acid oxidation
MCDm,Fatty acid oxidation
PTDCACRNCPT1,Fatty acid oxidation
PTDCACRNt,Fatty acid oxidation
PTE2x,Fatty acid oxidation
PTE3x,Fatty acid oxidation
RTOTAL3CRNCPT1,Fatty acid oxidation
RTOTAL3CRNt,Fatty acid oxidation
STRDNCCPT2,Fatty acid oxidation
STRDNCCRNt,Fatty acid oxidation
TETPENT3CPT2,Fatty acid oxidation
TETPENT3CRNt,Fatty acid oxidation
TETPENT6CPT2,Fatty acid oxidation
TETTET6CPT1,Fatty acid oxidation
TETTET6CRNt,Fatty acid oxidation
TMNDNCCPT2,Fatty acid oxidation
r0308,Fatty acid oxidation
r0431_1,Fatty acid oxidation
r0432_1,Fatty acid oxidation
r0440,Fatty acid oxidation
r0443,Fatty acid oxidation
r0444,Fatty acid oxidation
ACACT4m,Fatty acid oxidation
r0636,Fatty acid oxidation
ACOAR5m,Fatty acid oxidation
ACACT6m,Fatty acid oxidation
r0641,Fatty acid oxidation
r0652_1,Fatty acid oxidation
ECOAH5m,Fatty acid oxidation
r0714_1,Fatty acid oxidation
r0715,Fatty acid oxidation
HACD6p,Fatty acid oxidation
r0720_1,Fatty acid oxidation
HACD5m,Fatty acid oxidation
HACD4m,Fatty acid oxidation
HACD4p,Fatty acid oxidation
ECOAH4m,Fatty acid oxidation
r0732,Fatty acid oxidation
r0733,Fatty acid oxidation
ACOAR4m,Fatty acid oxidation
ACOAR2m,Fatty acid oxidation
r1255,Fatty acid oxidation
r1257,Fatty acid oxidation
r1259,Fatty acid oxidation
r1401,Fatty acid oxidation
r1444,Fatty acid oxidation
r1447,Fatty acid oxidation
r1451,Fatty acid oxidation
r1472,Fatty acid oxidation
r1474,Fatty acid oxidation
r1477,Fatty acid oxidation
r1481,Fatty acid oxidation
RE1516M,Fatty acid oxidation
RE3074X,Fatty acid oxidation
RE3082X,Fatty acid oxidation
RE3086X,Fatty acid oxidation
RE3106C,Fatty acid oxidation
RE3112C,Fatty acid oxidation
RE3121C,Fatty acid oxidation
RE3132R,Fatty acid oxidation
RE3151C,Fatty acid oxidation
RE3152C,Fatty acid oxidation
RE3154C,Fatty acid oxidation
RE3157X,Fatty acid oxidation
RE3158X,Fatty acid oxidation
RE3159X,Fatty acid oxidation
RE3160R,Fatty acid oxidation
RE3161C,Fatty acid oxidation
RE3162C,Fatty acid oxidation
RE3163C,Fatty acid oxidation
RE3164C,Fatty acid oxidation
RE3166C,Fatty acid oxidation
RE3167C,Fatty acid oxidation
RE3171C,Fatty acid oxidation
RE3172C,Fatty acid oxidation
RE3173C,Fatty acid oxidation
RE3176C,Fatty acid oxidation
RE3177M,Fatty acid oxidation
FAOXC122x,Fatty acid oxidation
FAOXC123C102m,Fatty acid oxidation
FAOXC123x,Fatty acid oxidation
FAOXC120100m,Fatty acid oxidation
FAOXC12C12OHm,Fatty acid oxidation
FAOXC12DCTc,Fatty acid oxidation
FAOXC141C121m,Fatty acid oxidation
FAOXC141C121x,Fatty acid oxidation
FAOXC142C142OHm,Fatty acid oxidation
FAOXC140120x,Fatty acid oxidation
FAOXC14DCC12DCx,Fatty acid oxidation
FAOXC15C13m,Fatty acid oxidation
FAOXC15NADPx,Fatty acid oxidation
FAOXC162C142m,Fatty acid oxidation
FAOXC163C143m,Fatty acid oxidation
FAOXC163GC142m,Fatty acid oxidation
FAOXC164C165x,Fatty acid oxidation
FAOXC164GC163m,Fatty acid oxidation
FAOXC165C164x,Fatty acid oxidation
FAOXC16Brx,Fatty acid oxidation
FAOXC160140m,Fatty acid oxidation
HMR_2736,Fatty acid oxidation
HMR_2739,Fatty acid oxidation
HMR_2774,Fatty acid oxidation
HMR_3113,Fatty acid oxidation
HMR_9719,Fatty acid oxidation
DESAT18_10,Fatty acid synthesis
DESAT18_6,Fatty acid synthesis
DESAT18_12,Fatty acid synthesis
DESAT22_2p,Fatty acid synthesis
DESAT24_1,Fatty acid synthesis
FAEL184,Fatty acid synthesis
FAEL204,Fatty acid synthesis
FAEL205,Fatty acid synthesis
FAS160COA,Fatty acid synthesis
KAS8,Fatty acid synthesis
RE0567C,Fatty acid synthesis
RE0568C,Fatty acid synthesis
RE0569C,Fatty acid synthesis
RE0569E,Fatty acid synthesis
RE0570C,Fatty acid synthesis
RE0575C,Fatty acid synthesis
RE3224C,Fatty acid synthesis
RE3228C,Fatty acid synthesis
RE3231C,Fatty acid synthesis
RE3232C,Fatty acid synthesis
RE3234C,Fatty acid synthesis
RE3236C,Fatty acid synthesis
RE3237C,Fatty acid synthesis
RE3241C,Fatty acid synthesis
RE3243C,Fatty acid synthesis
DESAT14_9,Fatty acid synthesis
FAS180,Fatty acid synthesis
HMR_0168,Fatty acid synthesis
HMR_0180,Fatty acid synthesis
HMR_0184,Fatty acid synthesis
HMR_0188,Fatty acid synthesis
HMR_0200,Fatty acid synthesis
HMR_0289,Fatty acid synthesis
FACOAL1812,Fatty acid synthesis
HMR_0267,Fatty acid synthesis
HMR_0305,Fatty acid synthesis
HMR_0319,Fatty acid synthesis
HMR_0271,Fatty acid synthesis
HMR_0393,Fatty acid synthesis
HMR_0345,Fatty acid synthesis
HMR_0381,Fatty acid synthesis
HMR_0429,Fatty acid synthesis
HMR_0433,Fatty acid synthesis
HMR_0437,Fatty acid synthesis
HMR_2193,Fatty acid synthesis
HMR_2210,Fatty acid synthesis
HMR_2211,Fatty acid synthesis
HMR_2215,Fatty acid synthesis
HMR_2218,Fatty acid synthesis
HMR_2260,Fatty acid synthesis
HMR_2268,Fatty acid synthesis
HMR_2289,Fatty acid synthesis
DESAT18,Fatty acid synthesis
HMR_2296,Fatty acid synthesis
HMR_2332,Fatty acid synthesis
HMR_2336,Fatty acid synthesis
HMR_2270,Fatty acid synthesis
HMR_2282,Fatty acid synthesis
HMR_2342,Fatty acid synthesis
HMR_2284,Fatty acid synthesis
HMR_2343,Fatty acid synthesis
HMR_2344,Fatty acid synthesis
HMR_2347,Fatty acid synthesis
DESAT16,Fatty acid synthesis
HMR_2287,Fatty acid synthesis
HMR_2348,Fatty acid synthesis
HMR_2350,Fatty acid synthesis
HMR_2353,Fatty acid synthesis
HMR_2533,Fatty acid synthesis
HMR_2541,Fatty acid synthesis
HMR_2354,Fatty acid synthesis
HMR_2359,Fatty acid synthesis
HMR_2361,Fatty acid synthesis
HMR_2364,Fatty acid synthesis
HMR_2542,Fatty acid synthesis
HMR_2560,Fatty acid synthesis
HMR_2581,Fatty acid synthesis
HMR_2365,Fatty acid synthesis
HMR_2368,Fatty acid synthesis
HMR_2374,Fatty acid synthesis
HMR_2380,Fatty acid synthesis
HMR_2391,Fatty acid synthesis
HMR_2393,Fatty acid synthesis
HMR_2395,Fatty acid synthesis
HMR_2435,Fatty acid synthesis
HMR_2951,Fatty acid synthesis
HMR_2954,Fatty acid synthesis
HMR_2961,Fatty acid synthesis
HMR_2963,Fatty acid synthesis
HMR_2965,Fatty acid synthesis
HMR_2967,Fatty acid synthesis
HMR_2970,Fatty acid synthesis
HMR_2972,Fatty acid synthesis
HMR_2973,Fatty acid synthesis
HMR_2974,Fatty acid synthesis
HMR_2988,Fatty acid synthesis
HMR_2975,Fatty acid synthesis
HMR_2978,Fatty acid synthesis
HMR_2983,Fatty acid synthesis
HMR_2985,Fatty acid synthesis
HMR_2994,Fatty acid synthesis
HMR_2999,Fatty acid synthesis
HMR_3448,Fatty acid synthesis
HMR_3449,Fatty acid synthesis
HMR_3450,Fatty acid synthesis
HMR_3453,Fatty acid synthesis
HMR_3456,Fatty acid synthesis
HMR_3457,Fatty acid synthesis
HMR_2942,Fatty acid synthesis
HMR_2943,Fatty acid synthesis
HMR_2944,Fatty acid synthesis
HMR_2946,Fatty acid synthesis
HMR_2947,Fatty acid synthesis
HMR_2948,Fatty acid synthesis
DESAT16_2,Fatty acid synthesis
DESAT18_3,Fatty acid synthesis
DESAT18_11,Fatty acid synthesis
DESAT18_5,Fatty acid synthesis
DESAT18_8,Fatty acid synthesis
DESAT18_9,Fatty acid synthesis
DESAT20_1,Fatty acid synthesis
DESAT20_2,Fatty acid synthesis
DESAT22_1p,Fatty acid synthesis
FAEL183,Fatty acid synthesis
FACOAE180,Fatty acid synthesis
RE3225C,Fatty acid synthesis
RE3226C,Fatty acid synthesis
RE3227C,Fatty acid synthesis
RE3229C,Fatty acid synthesis
RE3230C,Fatty acid synthesis
RE3235C,Fatty acid synthesis
RE3238C,Fatty acid synthesis
RE3239C,Fatty acid synthesis
RE3242C,Fatty acid synthesis
RE3244C,Fatty acid synthesis
FACOAE181,Fatty acid synthesis
FAS100COA,Fatty acid synthesis
FAS120COA,Fatty acid synthesis
FAS140COA,Fatty acid synthesis
FAS180COA,Fatty acid synthesis
FAS80COA_L,Fatty acid synthesis
HMR_0156,Fatty acid synthesis
HMR_0165,Fatty acid synthesis
HMR_0171,Fatty acid synthesis
HMR_0177,Fatty acid synthesis
HMR_0192,Fatty acid synthesis
HMR_0204,Fatty acid synthesis
HMR_0209,Fatty acid synthesis
HMR_0233,Fatty acid synthesis
HMR_0293,Fatty acid synthesis
HMR_0297,Fatty acid synthesis
HMR_0301,Fatty acid synthesis
HMR_0309,Fatty acid synthesis
HMR_0323,Fatty acid synthesis
HMR_0327,Fatty acid synthesis
HMR_0385,Fatty acid synthesis
HMR_0389,Fatty acid synthesis
HMR_2288,Fatty acid synthesis
HMR_2292,Fatty acid synthesis
HMR_2293,Fatty acid synthesis
HMR_2295,Fatty acid synthesis
HMR_2334,Fatty acid synthesis
HMR_2338,Fatty acid synthesis
HMR_2345,Fatty acid synthesis
HMR_2349,Fatty acid synthesis
HMR_2355,Fatty acid synthesis
HMR_2356,Fatty acid synthesis
HMR_2362,Fatty acid synthesis
HMR_2363,Fatty acid synthesis
HMR_2376,Fatty acid synthesis
HMR_2403,Fatty acid synthesis
HMR_2433,Fatty acid synthesis
HMR_2434,Fatty acid synthesis
HMR_2436,Fatty acid synthesis
HMR_2472,Fatty acid synthesis
HMR_2484,Fatty acid synthesis
HMR_2495,Fatty acid synthesis
HMR_2986,Fatty acid synthesis
HMR_2989,Fatty acid synthesis
HMR_2990,Fatty acid synthesis
HMR_2998,Fatty acid synthesis
HMR_3001,Fatty acid synthesis
HMR_3002,Fatty acid synthesis
HMR_3003,Fatty acid synthesis
HMR_0241,Fatty acid synthesis
HMR_0245,Fatty acid synthesis
HMR_0255,Fatty acid synthesis
HMR_0279,Fatty acid synthesis
HMR_2190,Fatty acid synthesis
HMR_2217,Fatty acid synthesis
HMR_2219,Fatty acid synthesis
HMR_2259,Fatty acid synthesis
HMR_2261,Fatty acid synthesis
HMR_2262,Fatty acid synthesis
HMR_2263,Fatty acid synthesis
HMR_2264,Fatty acid synthesis
HMR_2265,Fatty acid synthesis
HMR_2266,Fatty acid synthesis
HMR_2267,Fatty acid synthesis
HMR_2269,Fatty acid synthesis
HMR_2281,Fatty acid synthesis
HMR_2530,Fatty acid synthesis
HMR_2535,Fatty acid synthesis
HMR_2537,Fatty acid synthesis
HMR_2540,Fatty acid synthesis
HMR_2543,Fatty acid synthesis
HMR_2558,Fatty acid synthesis
HMR_2571,Fatty acid synthesis
HMR_2955,Fatty acid synthesis
HMR_2956,Fatty acid synthesis
HMR_2962,Fatty acid synthesis
HMR_2964,Fatty acid synthesis
HMR_2966,Fatty acid synthesis
HMR_2968,Fatty acid synthesis
HMR_2969,Fatty acid synthesis
HMR_2971,Fatty acid synthesis
HMR_2976,Fatty acid synthesis
HMR_2977,Fatty acid synthesis
HMR_2979,Fatty acid synthesis
HMR_2980,Fatty acid synthesis
HMR_2982,Fatty acid synthesis
HMR_3446,Fatty acid synthesis
HMR_3447,Fatty acid synthesis
HMR_3451,Fatty acid synthesis
HMR_3452,Fatty acid synthesis
HMR_3454,Fatty acid synthesis
HMR_3455,Fatty acid synthesis
RE0565C,Fatty acid synthesis
RE0566C,Fatty acid synthesis
RE0571C,Fatty acid synthesis
RE0574C,Fatty acid synthesis
RE0576C_1,Fatty acid synthesis
RE0577C,Fatty acid synthesis
RE0578C,Fatty acid synthesis
RE0579C_1,Fatty acid synthesis
RE0581C,Fatty acid synthesis
ECOAR,Fatty acid synthesis
HMR_2945,Fatty acid synthesis
HMR_2957,Fatty acid synthesis
FPGS2,Folate metabolism
FPGS2m,Folate metabolism
FPGS3,Folate metabolism
FPGS4_1,Folate metabolism
FPGS4m_1,Folate metabolism
FPGS5,Folate metabolism
FPGS5m,Folate metabolism
FPGS6m,Folate metabolism
FPGS7m_1,Folate metabolism
FPGS8m,Folate metabolism
FPGS9,Folate metabolism
FPGSm_1,Folate metabolism
FTHFDH,Folate metabolism
FTHFLmi,Folate metabolism
GGH_10FTHF7GLUl,Folate metabolism
GGH_5THFl,Folate metabolism
GGH_6DHFl,Folate metabolism
GGH_7THFe,Folate metabolism
MTHFCm,Folate metabolism
MTHFD2m,Folate metabolism
DHFR2i,Folate metabolism
r0514,Folate metabolism
THFATm,Folate metabolism
r1382_1,Folate metabolism
r1383_1,Folate metabolism
FPGS7_1,Folate metabolism
FTHFCL,Folate metabolism
DHFR,Folate metabolism
MTHFR2,Folate metabolism
HMR_9726,Folate metabolism
MTHFR3,Folate metabolism
FTHFLi,Folate metabolism
MTHFC,Folate metabolism
MTHFD,Folate metabolism
FPGS_1,Folate metabolism
MTHFD2i,Folate metabolism
FOLR2,Folate metabolism
FPGS3m,Folate metabolism
FPGS6,Folate metabolism
FPGS8,Folate metabolism
FPGS9m,Folate metabolism
GGH_10FTHF5GLUe,Folate metabolism
GGH_10FTHF5GLUl,Folate metabolism
GGH_10FTHF6GLUe,Folate metabolism
GGH_10FTHF6GLUl,Folate metabolism
GGH_10FTHF7GLUe,Folate metabolism
GGH_5DHFe,Folate metabolism
GGH_5DHFl,Folate metabolism
GGH_5THFe,Folate metabolism
GGH_6DHFe,Folate metabolism
GGH_6THFe,Folate metabolism
GGH_6THFl,Folate metabolism
GGH_7DHFe,Folate metabolism
GGH_7DHFl,Folate metabolism
GGH_7THFl,Folate metabolism
MTHFDm,Folate metabolism
DHFRim,Folate metabolism
r0512,Folate metabolism
FTHFCLm,Folate metabolism
FK,Fructose and mannose metabolism
GFUCS,Fructose and mannose metabolism
HEX4,Fructose and mannose metabolism
KHK,Fructose and mannose metabolism
SBTD_D2,Fructose and mannose metabolism
SBTR,Fructose and mannose metabolism
MAN1PT,Fructose and mannose metabolism
r0358,Fructose and mannose metabolism
r0361,Fructose and mannose metabolism
RE1342C,Fructose and mannose metabolism
MAN1PT2,Fructose and mannose metabolism
F1PGT,Fructose and mannose metabolism
PMANM,Fructose and mannose metabolism
FBA2,Fructose and mannose metabolism
GMAND,Fructose and mannose metabolism
MAN6PI,Fructose and mannose metabolism
HEX7,Fructose and mannose metabolism
FBP26,Fructose and mannose metabolism
PFK26,Fructose and mannose metabolism
TRIOK,Fructose and mannose metabolism
r0191,Fructose and mannose metabolism
r0357,Fructose and mannose metabolism
r0360,Fructose and mannose metabolism
FBA5,Galactose metabolism
LACZe,Galactose metabolism
UGALGTg,Galactose metabolism
GALUi,Galactose metabolism
UDPG4E,Galactose metabolism
GALT,Galactose metabolism
HMR_8762,Galactose metabolism
UGLT,Galactose metabolism
GALKr,Galactose metabolism
HMR_4831,Galactose metabolism
HMR_8761,Galactose metabolism
GALOR,Galactose metabolism
KHK3,Galactose metabolism
SUCRe,Galactose metabolism
ABTArm,Glutamate metabolism
GTHOm,Glutamate metabolism
SSALxm,Glutamate metabolism
ASPT,Glutamate metabolism
ALATA_L,Glutamate metabolism
CBPSam,Glutamate metabolism
GLNS,Glutamate metabolism
4OHBUTm,Glutamate metabolism
GLUDC,Glutamate metabolism
GDHm,Glutamate metabolism
GLUDym,Glutamate metabolism
GLUNm,Glutamate metabolism
GTHOr,Glutamate metabolism
P5CDm,Glutamate metabolism
r0179,Glutamate metabolism
GLUN,Glutamate metabolism
GGLUCT,Glutathione metabolism
GTHPi,Glutathione metabolism
GTHPm,Glutathione metabolism
GTHS,Glutathione metabolism
GDR,Glutathione metabolism
GTHRDH_syn,Glutathione metabolism
GGTAe2,Glutathione metabolism
r0568,Glutathione metabolism
AMPTASECG,Glutathione metabolism
AMPTASECGe,Glutathione metabolism
GLUCYS,Glutathione metabolism
GTHPe,Glutathione metabolism
GTHRDt,Glutathione metabolism
GTMLTe,Glutathione metabolism
OPAH,Glutathione metabolism
GDRm,Glutathione metabolism
CDIPTr,Glycerophospholipid metabolism
CDS,Glycerophospholipid metabolism
CHATn,Glycerophospholipid metabolism
CHLP,Glycerophospholipid metabolism
CHOLK,Glycerophospholipid metabolism
DAGK_hs,Glycerophospholipid metabolism
ETHAK,Glycerophospholipid metabolism
LPASE,Glycerophospholipid metabolism
PCHOLP_hs,Glycerophospholipid metabolism
PCHOLPg_hs,Glycerophospholipid metabolism
PCHOLPr_hs,Glycerophospholipid metabolism
PETHCT,Glycerophospholipid metabolism
PGPP_hs,Glycerophospholipid metabolism
PGPPT,Glycerophospholipid metabolism
PLA2_2,Glycerophospholipid metabolism
PLA2_2e,Glycerophospholipid metabolism
r0480,Glycerophospholipid metabolism
SPHPL,Glycerophospholipid metabolism
SMS10,Glycerophospholipid metabolism
SMS11,Glycerophospholipid metabolism
SMS12,Glycerophospholipid metabolism
SMS13,Glycerophospholipid metabolism
SMS2,Glycerophospholipid metabolism
MAGLINL_HSe,Glycerophospholipid metabolism
SMS3,Glycerophospholipid metabolism
SMS4,Glycerophospholipid metabolism
SMS5,Glycerophospholipid metabolism
SMS8,Glycerophospholipid metabolism
LPS6e,Glycerophospholipid metabolism
LPS7e,Glycerophospholipid metabolism
PCHOLOLE_HSPLA2,Glycerophospholipid metabolism
PEOLE_HSPLA2,Glycerophospholipid metabolism
PCHOLPALME_HSPLA2,Glycerophospholipid metabolism
PAILPALM_HSPLA2,Glycerophospholipid metabolism
PCHOL2LINL_HSPLA2,Glycerophospholipid metabolism
PE2LINL_HSPLA2,Glycerophospholipid metabolism
PCHOLN225_HSPLA2,Glycerophospholipid metabolism
PCHOLN2254_HSPLA2,Glycerophospholipid metabolism
PEAR_HSPLA2,Glycerophospholipid metabolism
PCHOL2PALM_HSPLA2,Glycerophospholipid metabolism
PCHOLAR_HSPLA2,Glycerophospholipid metabolism
PCHOLN1836_HSPLA2,Glycerophospholipid metabolism
PE203_HSPLA2,Glycerophospholipid metabolism
PE226_HSPLA2,Glycerophospholipid metabolism
PE224_HSPLA2,Glycerophospholipid metabolism
PEDH12_HSPLA2,Glycerophospholipid metabolism
PEDH13_HSPLA2,Glycerophospholipid metabolism
PEDH15_HSPLA2,Glycerophospholipid metabolism
PCHOLN203_HSPLA2,Glycerophospholipid metabolism
ARACHETH,Glycerophospholipid metabolism
PCHOLN24_HSPLA2,Glycerophospholipid metabolism
PCHOLN261_HSPLA2,Glycerophospholipid metabolism
PCHOLN281_HSPLA2,Glycerophospholipid metabolism
PCHOLDOC_HSPLA2,Glycerophospholipid metabolism
PCHOLDET_HSPLA2,Glycerophospholipid metabolism
PCHOLHEP_HSPLA2,Glycerophospholipid metabolism
PELINL_HSPLA2,Glycerophospholipid metabolism
GPDDACHOL,Glycerophospholipid metabolism
DOCOHEXETHc,Glycerophospholipid metabolism
DOCTETETH,Glycerophospholipid metabolism
HEXDECEETH,Glycerophospholipid metabolism
PEPALM,Glycerophospholipid metabolism
STEETH,Glycerophospholipid metabolism
TETDECAETH,Glycerophospholipid metabolism
G3PD1irm,Glycerophospholipid metabolism
PGPP_hsc,Glycerophospholipid metabolism
GLYK,Glycerophospholipid metabolism
LDL_HSSYN,Glycerophospholipid metabolism
LDL_HSDEG,Glycerophospholipid metabolism
HDL_HSDEG,Glycerophospholipid metabolism
MYELIN_HSSYN,Glycerophospholipid metabolism
HMR_0002,Glycerophospholipid metabolism
HMR_0593,Glycerophospholipid metabolism
HMR_0597,Glycerophospholipid metabolism
HMR_0598,Glycerophospholipid metabolism
HMR_0601,Glycerophospholipid metabolism
HMR_0582,Glycerophospholipid metabolism
HMR_0629,Glycerophospholipid metabolism
HMR_0641,Glycerophospholipid metabolism
HMR_0653,Glycerophospholipid metabolism
HMR_0654,Glycerophospholipid metabolism
HMR_0657,Glycerophospholipid metabolism
HMR_0672,Glycerophospholipid metabolism
ACHEe,Glycerophospholipid metabolism
CDSm,Glycerophospholipid metabolism
CEPTC,Glycerophospholipid metabolism
CEPTE,Glycerophospholipid metabolism
CHAT,Glycerophospholipid metabolism
CHLPCTD,Glycerophospholipid metabolism
CLS_hs,Glycerophospholipid metabolism
DAGKn_hs,Glycerophospholipid metabolism
ETHP,Glycerophospholipid metabolism
RE3267E,Glycerophospholipid metabolism
RE3301C_1,Glycerophospholipid metabolism
MAGOLE_HSe,Glycerophospholipid metabolism
LPS5e,Glycerophospholipid metabolism
PCHOLMYR_HSPLA2,Glycerophospholipid metabolism
PCHOLPALM_HSPLA2,Glycerophospholipid metabolism
PEPALM_HSPLA2,Glycerophospholipid metabolism
PCHOLSTE_HSPLA2,Glycerophospholipid metabolism
PCHOL2OLE_HSPLA2,Glycerophospholipid metabolism
PCHOL2STE_HSPLA2,Glycerophospholipid metabolism
PCHOLN15_HSPLA2,Glycerophospholipid metabolism
PCHOLN183_HSPLA2,Glycerophospholipid metabolism
PCHOLN19_HSPLA2,Glycerophospholipid metabolism
PCHOLN201_HSPLA2,Glycerophospholipid metabolism
PCHOLN204_HSPLA2,Glycerophospholipid metabolism
PCHOLDEIC_HSPLA2,Glycerophospholipid metabolism
PCHOLLINL_HSPLA2,Glycerophospholipid metabolism
HEPDECETH,Glycerophospholipid metabolism
SMS1,Glycerophospholipid metabolism
SMS16,Glycerophospholipid metabolism
SMS14,Glycerophospholipid metabolism
SMS15,Glycerophospholipid metabolism
SMS6,Glycerophospholipid metabolism
SMS7,Glycerophospholipid metabolism
SMS9,Glycerophospholipid metabolism
OLEETH,Glycerophospholipid metabolism
PCHOLN205_HSPLA2,Glycerophospholipid metabolism
PCHOLN224_HSPLA2,Glycerophospholipid metabolism
PELINETH,Glycerophospholipid metabolism
PENDECAETH,Glycerophospholipid metabolism
PCHOLN226_HSPLA2,Glycerophospholipid metabolism
PEDH203_HSPLA2,Glycerophospholipid metabolism
PEDH14_HSPLA2,Glycerophospholipid metabolism
PEDH161_HSPLA2,Glycerophospholipid metabolism
PEDH17_HSPLA2,Glycerophospholipid metabolism
PAILAR_HSPLA2,Glycerophospholipid metabolism
PCHOLN28_HSPLA2,Glycerophospholipid metabolism
TRIDECETH,Glycerophospholipid metabolism
DIDECAETH,Glycerophospholipid metabolism
DIHOLINETH,Glycerophospholipid metabolism
PSDm_hsc,Glycerophospholipid metabolism
AGPAT4,Glycerophospholipid metabolism
G3PD1ir,Glycerophospholipid metabolism
HMR_0003,Glycerophospholipid metabolism
HMR_0586,Glycerophospholipid metabolism
GPDDA1,Glycerophospholipid metabolism
IDL_HSSYN,Glycerophospholipid metabolism
IDL_HSDEG,Glycerophospholipid metabolism
HDL_HSSYN,Glycerophospholipid metabolism
G3PD2,Glycerophospholipid metabolism
G3PD,Glycerophospholipid metabolism
HMR_7755,Glycerophospholipid metabolism
GLYKm,Glycerophospholipid metabolism
PAFH,Glycerophospholipid metabolism
PAFHe,Glycerophospholipid metabolism
PAFS,Glycerophospholipid metabolism
PCHOLPm_hs,Glycerophospholipid metabolism
PETOHMm_hs,Glycerophospholipid metabolism
PETOHMr_hs,Glycerophospholipid metabolism
PI4P5K,Glycerophospholipid metabolism
PIK4,Glycerophospholipid metabolism
PSDm_hs,Glycerophospholipid metabolism
PSSA1_hs,Glycerophospholipid metabolism
PSSA2_hs,Glycerophospholipid metabolism
r0186,Glycerophospholipid metabolism
ALCD19y,Glycerophospholipid metabolism
HMR_0614,Glycerophospholipid metabolism
HMR_0625,Glycerophospholipid metabolism
HMR_0634,Glycerophospholipid metabolism
HMR_0642,Glycerophospholipid metabolism
ETHAAL,Glycerophospholipid metabolism
HMR_0678,Glycerophospholipid metabolism
HMR_9805,Glycerophospholipid metabolism
2AMACHYD,"Glycine, serine, alanine, and threonine metabolism"
ALASm,"Glycine, serine, alanine, and threonine metabolism"
BETALDHxm,"Glycine, serine, alanine, and threonine metabolism"
BHMT,"Glycine, serine, alanine, and threonine metabolism"
CHOLD2m,"Glycine, serine, alanine, and threonine metabolism"
DMGDHm,"Glycine, serine, alanine, and threonine metabolism"
GCCam,"Glycine, serine, alanine, and threonine metabolism"
GHMT2rm,"Glycine, serine, alanine, and threonine metabolism"
GLYOp,"Glycine, serine, alanine, and threonine metabolism"
GNMT,"Glycine, serine, alanine, and threonine metabolism"
PGCD,"Glycine, serine, alanine, and threonine metabolism"
SPTc,"Glycine, serine, alanine, and threonine metabolism"
BETALDHx,"Glycine, serine, alanine, and threonine metabolism"
RE2111M,"Glycine, serine, alanine, and threonine metabolism"
RE2427M,"Glycine, serine, alanine, and threonine metabolism"
RE2429M,"Glycine, serine, alanine, and threonine metabolism"
THRS,"Glycine, serine, alanine, and threonine metabolism"
THRD_L,"Glycine, serine, alanine, and threonine metabolism"
OBDHc,"Glycine, serine, alanine, and threonine metabolism"
SUBGLYc,"Glycine, serine, alanine, and threonine metabolism"
PPIOGLYc,"Glycine, serine, alanine, and threonine metabolism"
CHOLD,"Glycine, serine, alanine, and threonine metabolism"
HMR_4700,"Glycine, serine, alanine, and threonine metabolism"
GLYCTO1,"Glycine, serine, alanine, and threonine metabolism"
HSK,"Glycine, serine, alanine, and threonine metabolism"
AACTOOR,"Glycine, serine, alanine, and threonine metabolism"
AOBUTDsm,"Glycine, serine, alanine, and threonine metabolism"
RE2428M,"Glycine, serine, alanine, and threonine metabolism"
GLYACm,"Glycine, serine, alanine, and threonine metabolism"
THRACm,"Glycine, serine, alanine, and threonine metabolism"
ACHOMm,"Glycine, serine, alanine, and threonine metabolism"
PSERT,"Glycine, serine, alanine, and threonine metabolism"
PSP_L,"Glycine, serine, alanine, and threonine metabolism"
GHMT2r,"Glycine, serine, alanine, and threonine metabolism"
TIGGLYc,"Glycine, serine, alanine, and threonine metabolism"
HEXGLYc,"Glycine, serine, alanine, and threonine metabolism"
THRA,"Glycine, serine, alanine, and threonine metabolism"
GCC2am,"Glycine, serine, alanine, and threonine metabolism"
GCC2bim,"Glycine, serine, alanine, and threonine metabolism"
GCC2cm,"Glycine, serine, alanine, and threonine metabolism"
GCCbim,"Glycine, serine, alanine, and threonine metabolism"
GCCcm,"Glycine, serine, alanine, and threonine metabolism"
GLYATm,"Glycine, serine, alanine, and threonine metabolism"
SARCOXp,"Glycine, serine, alanine, and threonine metabolism"
SERHL,"Glycine, serine, alanine, and threonine metabolism"
SPTix,"Glycine, serine, alanine, and threonine metabolism"
BETALDHy,"Glycine, serine, alanine, and threonine metabolism"
ALCD2y,Glycolysis/gluconeogenesis
ALDD2xm,Glycolysis/gluconeogenesis
ALDD2y,Glycolysis/gluconeogenesis
CBPPer,Glycolysis/gluconeogenesis
DPGase,Glycolysis/gluconeogenesis
G6PPer,Glycolysis/gluconeogenesis
PDHm,Glycolysis/gluconeogenesis
PYK2,Glycolysis/gluconeogenesis
r0202,Glycolysis/gluconeogenesis
r0354,Glycolysis/gluconeogenesis
r0355,Glycolysis/gluconeogenesis
PGM,Glycolysis/gluconeogenesis
PGMT,Glycolysis/gluconeogenesis
TPI,Glycolysis/gluconeogenesis
ACYP,Glycolysis/gluconeogenesis
ALDD2x,Glycolysis/gluconeogenesis
PFK,Glycolysis/gluconeogenesis
ACS,Glycolysis/gluconeogenesis
PYK,Glycolysis/gluconeogenesis
HMR_7748,Glycolysis/gluconeogenesis
HMR_7749,Glycolysis/gluconeogenesis
ACSm,Glycolysis/gluconeogenesis
ALCD2x,Glycolysis/gluconeogenesis
CAT2p,Glycolysis/gluconeogenesis
DPGM,Glycolysis/gluconeogenesis
ETOHMO,Glycolysis/gluconeogenesis
ENO,Glycolysis/gluconeogenesis
FBA,Glycolysis/gluconeogenesis
PGI,Glycolysis/gluconeogenesis
PGK,Glycolysis/gluconeogenesis
LDH_L,Glycolysis/gluconeogenesis
FBP,Glycolysis/gluconeogenesis
GAPD,Glycolysis/gluconeogenesis
HEX1,Glycolysis/gluconeogenesis
G3PD2m,Glycolysis/gluconeogenesis
PEPCK_re,Glycolysis/gluconeogenesis
PEPCKm,Glycolysis/gluconeogenesis
PYK3,Glycolysis/gluconeogenesis
PYK4,Glycolysis/gluconeogenesis
r0173,Glycolysis/gluconeogenesis
r0280,Glycolysis/gluconeogenesis
AGPOP,Glycolysis/gluconeogenesis
RE2666C_1,Glycosphingolipid metabolism
RE2677E_1,Glycosphingolipid metabolism
RE2677N_1,Glycosphingolipid metabolism
RE2717L,Glycosphingolipid metabolism
HMR_0811,Glycosphingolipid metabolism
HMR_0814,Glycosphingolipid metabolism
HMR_0817,Glycosphingolipid metabolism
HMR_0822,Glycosphingolipid metabolism
HMR_0823,Glycosphingolipid metabolism
HMR_0824,Glycosphingolipid metabolism
HMR_0825,Glycosphingolipid metabolism
HMR_0827,Glycosphingolipid metabolism
HMR_0830,Glycosphingolipid metabolism
HMR_0836,Glycosphingolipid metabolism
HMR_0837,Glycosphingolipid metabolism
HMR_0839,Glycosphingolipid metabolism
HMR_0841,Glycosphingolipid metabolism
HMR_0843,Glycosphingolipid metabolism
HMR_0846,Glycosphingolipid metabolism
HMR_0847,Glycosphingolipid metabolism
HMR_0852,Glycosphingolipid metabolism
HMR_0853,Glycosphingolipid metabolism
HMR_0855,Glycosphingolipid metabolism
HMR_0868,Glycosphingolipid metabolism
HMR_0870,Glycosphingolipid metabolism
HMR_0873,Glycosphingolipid metabolism
HMR_0875,Glycosphingolipid metabolism
HMR_0876,Glycosphingolipid metabolism
HMR_0877,Glycosphingolipid metabolism
HMR_0890,Glycosphingolipid metabolism
HMR_0907,Glycosphingolipid metabolism
HMR_0910,Glycosphingolipid metabolism
HMR_0911,Glycosphingolipid metabolism
HMR_0912,Glycosphingolipid metabolism
HMR_0803,Glycosphingolipid metabolism
HMR_0805,Glycosphingolipid metabolism
HMR_0806,Glycosphingolipid metabolism
HMR_0807,Glycosphingolipid metabolism
B3GNT38g,Glycosphingolipid metabolism
RE2677C_1,Glycosphingolipid metabolism
RE2677G_1,Glycosphingolipid metabolism
RE2677R_1,Glycosphingolipid metabolism
RE2675C2,Glycosphingolipid metabolism
HMR_0808,Glycosphingolipid metabolism
HMR_0812,Glycosphingolipid metabolism
HMR_0815,Glycosphingolipid metabolism
HMR_0816,Glycosphingolipid metabolism
HMR_0819,Glycosphingolipid metabolism
HMR_0820,Glycosphingolipid metabolism
HMR_0821,Glycosphingolipid metabolism
HMR_0828,Glycosphingolipid metabolism
HMR_0829,Glycosphingolipid metabolism
HMR_0835,Glycosphingolipid metabolism
HMR_0842,Glycosphingolipid metabolism
HMR_0844,Glycosphingolipid metabolism
HMR_0848,Glycosphingolipid metabolism
HMR_0849,Glycosphingolipid metabolism
HMR_0851,Glycosphingolipid metabolism
HMR_0854,Glycosphingolipid metabolism
HMR_0859,Glycosphingolipid metabolism
HMR_0860,Glycosphingolipid metabolism
HMR_0864,Glycosphingolipid metabolism
HMR_0867,Glycosphingolipid metabolism
HMR_0878,Glycosphingolipid metabolism
HMR_0889,Glycosphingolipid metabolism
HMR_0906,Glycosphingolipid metabolism
HMR_0908,Glycosphingolipid metabolism
HMR_0909,Glycosphingolipid metabolism
HMR_0810,Glycosphingolipid metabolism
HMR_0793,Glycosphingolipid metabolism
HMR_0809,Glycosphingolipid metabolism
GLXO2p,Glyoxylate and dicarboxylate metabolism
GLYCK2,Glyoxylate and dicarboxylate metabolism
GLYCLTDym,Glyoxylate and dicarboxylate metabolism
HPYRDCm,Glyoxylate and dicarboxylate metabolism
HPYRR2x_1,Glyoxylate and dicarboxylate metabolism
KHK2,Glyoxylate and dicarboxylate metabolism
GCALDD,Glyoxylate and dicarboxylate metabolism
FBA4,Glyoxylate and dicarboxylate metabolism
GLXO1,Glyoxylate and dicarboxylate metabolism
GCALDDm,Glyoxylate and dicarboxylate metabolism
GLYCLTDy,Glyoxylate and dicarboxylate metabolism
GLYCTO1p,Glyoxylate and dicarboxylate metabolism
HPYRDC,Glyoxylate and dicarboxylate metabolism
HPYRRy,Glyoxylate and dicarboxylate metabolism
BILIRED,Heme degradation
BIDGLCURr,Heme degradation
UGT1A10c,Heme degradation
HOXG,Heme degradation
FE3R2e_1,Heme synthesis
PPPG9tm,Heme synthesis
PPPGOm,Heme synthesis
PPPGO,Heme synthesis
CPPPGO,Heme synthesis
HMBS,Heme synthesis
PPBNGS,Heme synthesis
5AOPtm,Heme synthesis
RE3637C,Heme synthesis
FCLT,Heme synthesis
UPP3S,Heme synthesis
UPPDC1,Heme synthesis
PPPGO2_1,Heme synthesis
BILIRED2,Heme synthesis
HMR_4771,Heme synthesis
FCLTm,Heme synthesis
RE3051C,Heme synthesis
RE3052C,Heme synthesis
HMR_4772,Heme synthesis
GLCNACASE5ly,Heparan sulfate degradation
HS2ly,Heparan sulfate degradation
HSAT2ly,Heparan sulfate degradation
HSAT3ly,Heparan sulfate degradation
HSPASEly,Heparan sulfate degradation
IDOAASE3ly,Heparan sulfate degradation
LINKDEG1ly,Heparan sulfate degradation
S2TASE1ly,Heparan sulfate degradation
S2TASE2ly,Heparan sulfate degradation
S3TASE3ly,Heparan sulfate degradation
S6TASE1ly,Heparan sulfate degradation
S6TASE2ly,Heparan sulfate degradation
S6TASE3ly,Heparan sulfate degradation
GLCAASE1ly,Heparan sulfate degradation
GLCNACASE1ly,Heparan sulfate degradation
GLCNACASE2ly,Heparan sulfate degradation
GLCNACASE3ly,Heparan sulfate degradation
GLCNACASE4ly,Heparan sulfate degradation
HS1ly,Heparan sulfate degradation
HS3ly,Heparan sulfate degradation
HS4ly,Heparan sulfate degradation
HSAT1ly,Heparan sulfate degradation
HSAT4ly,Heparan sulfate degradation
IDOAASE1ly,Heparan sulfate degradation
IDOAASE2ly,Heparan sulfate degradation
S3TASE1ly,Heparan sulfate degradation
S3TASE2ly,Heparan sulfate degradation
BZCOAFm,Hippurate metabolism
BGLYFm,Hippurate metabolism
HISDC,Histidine metabolism
MHISOR,Histidine metabolism
IMACTD,Histidine metabolism
IZPN,Histidine metabolism
RE3629C,Histidine metabolism
RE3630C,Histidine metabolism
3MHISc,Histidine metabolism
HMCARNc,Histidine metabolism
URCN,Histidine metabolism
HISDr,Histidine metabolism
GluForTx,Histidine metabolism
HISTASE,Histidine metabolism
MACOXO,Histidine metabolism
SAMHISTA,Histidine metabolism
GLCAASE8ly,Hyaluronan metabolism
GLCAASE9ly,Hyaluronan metabolism
HAS1,Hyaluronan metabolism
NACHEX27ly,Hyaluronan metabolism
HAS2,Hyaluronan metabolism
INOSTO,Inositol phosphate metabolism
MI1345PP,Inositol phosphate metabolism
MI134P4P,Inositol phosphate metabolism
MI134PP,Inositol phosphate metabolism
MI145PK,Inositol phosphate metabolism
MI145PP,Inositol phosphate metabolism
MI14PP,Inositol phosphate metabolism
PI3P4Kn,Inositol phosphate metabolism
PI34P5K,Inositol phosphate metabolism
PI34P5Kn,Inositol phosphate metabolism
PI3P4K,Inositol phosphate metabolism
PI345P5P,Inositol phosphate metabolism
PI34P3Pn,Inositol phosphate metabolism
PI34P4Pn,Inositol phosphate metabolism
PI45P3K,Inositol phosphate metabolism
PI45P5P,Inositol phosphate metabolism
PI4P3Kn,Inositol phosphate metabolism
PI4PLC,Inositol phosphate metabolism
PI4PLCn,Inositol phosphate metabolism
PI5P4Kn,Inositol phosphate metabolism
PIK4n,Inositol phosphate metabolism
PIK5n,Inositol phosphate metabolism
PIPLC,Inositol phosphate metabolism
PIPLCn,Inositol phosphate metabolism
PMI12346PH,Inositol phosphate metabolism
MI1PP,Inositol phosphate metabolism
MI4PP,Inositol phosphate metabolism
HMR_6545,Inositol phosphate metabolism
HMR_6549,Inositol phosphate metabolism
HMR_6558,Inositol phosphate metabolism
HMR_6583,Inositol phosphate metabolism
HMR_6584,Inositol phosphate metabolism
HMR_8395,Inositol phosphate metabolism
MI3PP,Inositol phosphate metabolism
PMI12346PS,Inositol phosphate metabolism
HMR_8397,Inositol phosphate metabolism
HMR_8399,Inositol phosphate metabolism
HMR_6550,Inositol phosphate metabolism
MITKP,Inositol phosphate metabolism
ITKPK,Inositol phosphate metabolism
MI3PS,Inositol phosphate metabolism
HMR_6595,Inositol phosphate metabolism
MI13PP,Inositol phosphate metabolism
MI14P4P,Inositol phosphate metabolism
MI1PS,Inositol phosphate metabolism
MI34PP,Inositol phosphate metabolism
PI3P3Pn,Inositol phosphate metabolism
PI345P3P,Inositol phosphate metabolism
PI345P3Pn,Inositol phosphate metabolism
PI345P5Pn,Inositol phosphate metabolism
PI3P5K,Inositol phosphate metabolism
PI45P3Kn,Inositol phosphate metabolism
PI45P4P,Inositol phosphate metabolism
PI45P5Pn,Inositol phosphate metabolism
PI45PLC,Inositol phosphate metabolism
PI4P3K,Inositol phosphate metabolism
PI4P5Kn,Inositol phosphate metabolism
PI4PP,Inositol phosphate metabolism
PI5P3K,Inositol phosphate metabolism
PI5P4K,Inositol phosphate metabolism
PIK3,Inositol phosphate metabolism
PIK3n,Inositol phosphate metabolism
PIK5,Inositol phosphate metabolism
PMI12346PHn,Inositol phosphate metabolism
HMR_6580,Inositol phosphate metabolism
DM_Asn_X_Ser_Thr_l,Intracellular demand
DM_core5_g,Intracellular demand
DM_dem2emgacpail_prot_hs_r,Intracellular demand
DM_dgpi_prot_hs_r,Intracellular demand
DM_dsT_antigen_g,Intracellular demand
DM_kdn_c,Intracellular demand
DM_melanin_c,Intracellular demand
DM_n5m2masn_g,Intracellular demand
DM_oretn_n,Intracellular demand
DM_Ser_Thr_l,Intracellular demand
DM_Ser_Gly_Ala_X_Gly_l,Intracellular demand
DM_sprm_c,Intracellular demand
DM_taur_c,Intracellular demand
DM_pmtcoa_r,Intracellular demand
DM_4hpro_LT_m,Intracellular demand
DM_Lcystin_c,Intracellular demand
DM_ncam_c,Intracellular demand
DM_ascb__L_c,Intracellular demand
DM_k_c,Intracellular demand
SK_adprbp_c,Intracellular demand
SK_bandmt_c,Intracellular demand
SK_for_c,Intracellular demand
SK_mi1345p_c,Intracellular demand
SK_mi134p_c,Intracellular demand
SK_mi145p_c,Intracellular demand
DM_pchol_hs_c,Intracellular demand
DM_mqn10_c,Intracellular demand
DM_mqn7_c,Intracellular demand
DM_mqn8_c,Intracellular demand
DM_mqn9_c,Intracellular demand
DM_myelin_hs_c,Intracellular demand
DM_gd3_hs_g,Intracellular demand
DM_pail35p_hs_n,Intracellular demand
DM_gd3_hs_m,Intracellular demand
DM_pcreat_c,Intracellular demand
DM_na1_x,Intracellular demand
DM_na1_g,Intracellular demand
DM_thm_m,Intracellular demand
DM_15HPET_n,Intracellular demand
DM_ts3_c,Intracellular demand
DM_sph1p_n,Intracellular demand
DM_sphs1p_n,Intracellular demand
DM_gda1_hs_n,Intracellular demand
DM_phsph1p_c,Intracellular demand
DM_gd3_hs_l,Intracellular demand
DM_icdchol_c,Intracellular demand
DM_lca24g_c,Intracellular demand
DM_3dhdchol_c,Intracellular demand
DM_7dhcdchol_c,Intracellular demand
DM_7dhchol_c,Intracellular demand
DM_lca3g_c,Intracellular demand
DM_tcdca3s_c,Intracellular demand
DM_thyochol_c,Intracellular demand
DM_ca24g_c,Intracellular demand
DM_ca3s_c,Intracellular demand
DM_dca24g_c,Intracellular demand
DM_dca3s_c,Intracellular demand
DM_uchol_c,Intracellular demand
DM_gca3s_c,Intracellular demand
DM_udca3s_c,Intracellular demand
DM_gcdca3s_c,Intracellular demand
DM_gdca3s_c,Intracellular demand
DM_gudca3s_c,Intracellular demand
DM_hca24g_c,Intracellular demand
DM_hca6g_c,Intracellular demand
DM_hdca24g_c,Intracellular demand
DM_CE5026_c,Intracellular demand
DM_CE1562_c,Intracellular demand
DM_ind56qn_c,Intracellular demand
DM_CE5025_c,Intracellular demand
DM_CE4888_c,Intracellular demand
DM_4abut_c,Intracellular demand
DM_srtn_c,Intracellular demand
DM_adrnl_c,Intracellular demand
DM_nrpphr_c,Intracellular demand
DM_tym_c,Intracellular demand
DM_Lkynr_c,Intracellular demand
DM_13_cis_oretn_n,Intracellular demand
DM_13_cis_retn_n,Intracellular demand
DM_avite2_c,Intracellular demand
DM_bvite_c,Intracellular demand
DM_core7_g,Intracellular demand
DM_core8_g,Intracellular demand
DM_datp_m,Intracellular demand
DM_datp_n,Intracellular demand
DM_dctp_m,Intracellular demand
DM_dctp_n,Intracellular demand
DM_dgtp_m,Intracellular demand
DM_dgtp_n,Intracellular demand
DM_dttp_m,Intracellular demand
DM_dttp_n,Intracellular demand
DM_ethamp_r,Intracellular demand
DM_gncore2_g,Intracellular demand
DM_gpi_sig_r,Intracellular demand
DM_hretn_n,Intracellular demand
DM_m3gacpail_prot_hs_r,Intracellular demand
DM_mem2emgacpail_prot_hs_r,Intracellular demand
DM_sTn_antigen_g,Intracellular demand
SK_T_antigen_g,Intracellular demand
DM_yvite_c,Intracellular demand
DM_1a25dhvitd3_n,Intracellular demand
DM_4abut_n,Intracellular demand
DM_5HPET_r,Intracellular demand
DM_pe_hs_r,Intracellular demand
DM_anth_c,Intracellular demand
DM_fol_c,Intracellular demand
DM_pnto__R_c,Intracellular demand
DM_itp_n,Intracellular demand
DM_pe_hs_c,Intracellular demand
SK_akg_c,Intracellular demand
SK_mi14p_c,Intracellular demand
DM_mqn11_c,Intracellular demand
DM_galam_c,Intracellular demand
DM_C02712_c,Intracellular demand
DM_k_g,Intracellular demand
DM_na1_r,Intracellular demand
DM_na1_c,Intracellular demand
DM_retn_n,Intracellular demand
DM_hhxdcal_c,Intracellular demand
DM_15HPET_x,Intracellular demand
DM_15HPET_r,Intracellular demand
DM_no2_c,Intracellular demand
DM_gm1_hs_n,Intracellular demand
DM_6hddopaqn_c,Intracellular demand
DM_12dhchol_c,Intracellular demand
DM_3dhcdchol_c,Intracellular demand
DM_3dhchol_c,Intracellular demand
DM_3dhlchol_c,Intracellular demand
DM_cdca24g_c,Intracellular demand
DM_cdca3g_c,Intracellular demand
DM_coprost_c,Intracellular demand
DM_dca3g_c,Intracellular demand
DM_hdca6g_c,Intracellular demand
DM_hyochol_c,Intracellular demand
DM_isochol_c,Intracellular demand
DM_lca3s_c,Intracellular demand
DM_tca3s_c,Intracellular demand
DM_tdca3s_c,Intracellular demand
DM_tudca3s_c,Intracellular demand
DM_CE1261_c,Intracellular demand
DM_4glu56dihdind_c,Intracellular demand
DM_5cysdopa_c,Intracellular demand
DM_dopa_c,Intracellular demand
DM_ach_c,Intracellular demand
DM_hista_c,Intracellular demand
DM_kynate_c,Intracellular demand
DM_cbl2_m,Intracellular demand
DM_1a2425thvitd2_m,Intracellular demand
DM_btn_m,Intracellular demand
DM_btn_n,Intracellular demand
DM_protein_c,Intracellular demand
SK_dd2coa_c,Intracellular source/sink
SK_decdicoa_c,Intracellular source/sink
SK_tetdec2coa_c,Intracellular source/sink
SK_tetdece1coa_c,Intracellular source/sink
SK_octdececoa_c,Intracellular source/sink
SK_5HPET_c,Intracellular source/sink
SK_crvnc_c,Intracellular source/sink
SK_doco13ecoa_c,Intracellular source/sink
SK_fad_c,Intracellular source/sink
SK_25hvitd2_c,Intracellular source/sink
SK_9_cis_retfa_c,Intracellular source/sink
SK_glygn2_c,Intracellular source/sink
SK_HC02193_c,Intracellular source/sink
SK_lnlc_c,Intracellular source/sink
SK_HC02195_c,Intracellular source/sink
SK_HC02197_c,Intracellular source/sink
SK_HC02198_c,Intracellular source/sink
SK_Tyr_ggn_c,Intracellular source/sink
DM_avite1_c,Intracellular source/sink
SK_btn_c,Intracellular source/sink
SK_c226coa_c,Intracellular source/sink
SK_lnlccoa_c,Intracellular source/sink
SK_lnlncgcoa_c,Intracellular source/sink
SK_nad_c,Intracellular source/sink
SK_pmtcoa_c,Intracellular source/sink
SK_pydx_c,Intracellular source/sink
SK_pydxn_c,Intracellular source/sink
SK_retinol_c,Intracellular source/sink
SK_tag_hs_c,Intracellular source/sink
SK_tchola_c,Intracellular source/sink
SK_tdechola_c,Intracellular source/sink
SK_thf_c,Intracellular source/sink
SK_tmndnc_c,Intracellular source/sink
SK_tmndnccoa_c,Intracellular source/sink
SK_vitd3_c,Intracellular source/sink
SK_dhcholestanate_c,Intracellular source/sink
SK_thcholstoic_c,Intracellular source/sink
SK_xol7aone_c,Intracellular source/sink
SK_xoldiolone_c,Intracellular source/sink
SK_dchac_c,Intracellular source/sink
SK_CE1273_c,Intracellular source/sink
SK_34dhpac_c,Intracellular source/sink
SK_his__L_c,Intracellular source/sink
SK_lys__L_c,Intracellular source/sink
SK_thr__L_c,Intracellular source/sink
SK_val__L_c,Intracellular source/sink
SK_ala__L_c,Intracellular source/sink
SK_arg__L_c,Intracellular source/sink
SK_asn__L_c,Intracellular source/sink
SK_pro__L_c,Intracellular source/sink
SK_tyr__L_c,Intracellular source/sink
SK_c101coa_c,Intracellular source/sink
SK_c81coa_c,Intracellular source/sink
SK_band_c,Intracellular source/sink
SK_11_cis_retfa_c,Intracellular source/sink
SK_C02528_c,Intracellular source/sink
SK_HC02191_c,Intracellular source/sink
SK_HC02192_c,Intracellular source/sink
SK_HC02194_c,Intracellular source/sink
SK_HC02196_c,Intracellular source/sink
SK_HC02220_c,Intracellular source/sink
SK_chol_c,Intracellular source/sink
SK_cholate_c,Intracellular source/sink
SK_coa_c,Intracellular source/sink
SK_Ser_Gly_Ala_X_Gly_r,Intracellular source/sink
SK_ile__L_c,Intracellular source/sink
SK_leu__L_c,Intracellular source/sink
SK_met__L_c,Intracellular source/sink
SK_phe__L_c,Intracellular source/sink
SK_trp__L_c,Intracellular source/sink
SK_asp__L_c,Intracellular source/sink
SK_cys__L_c,Intracellular source/sink
SK_gln__L_c,Intracellular source/sink
SK_glu__L_c,Intracellular source/sink
SK_ser__L_c,Intracellular source/sink
SK_gly_c,Intracellular source/sink
SK_4abut_l,Intracellular source/sink
SK_citr__L_c,Intracellular source/sink
SK_pre_prot_r,Intracellular source/sink
SK_dgchol_c,Intracellular source/sink
SK_fe3_c,Intracellular source/sink
SK_gchola_c,Intracellular source/sink
SK_hdca_c,Intracellular source/sink
SK_lnlncacoa_c,Intracellular source/sink
SK_nadp_c,Intracellular source/sink
SK_odecoa_c,Intracellular source/sink
SK_phyQ_c,Intracellular source/sink
SK_pydam_c,Intracellular source/sink
SK_retfa_c,Intracellular source/sink
SK_stcoa_c,Intracellular source/sink
SK_tdchola_c,Intracellular source/sink
DM_thmpp_c,Intracellular source/sink
DM_thmtp_c,Intracellular source/sink
SK_xol7ah3_c,Intracellular source/sink
SK_7klitchol_c,Intracellular source/sink
FUCASE2ly,Keratan sulfate degradation
GALASE10ly,Keratan sulfate degradation
GALASE12ly,Keratan sulfate degradation
GALASE13ly,Keratan sulfate degradation
GALASE15ly,Keratan sulfate degradation
GALASE16ly,Keratan sulfate degradation
GALASE17ly,Keratan sulfate degradation
GALASE19ly,Keratan sulfate degradation
GALASE20ly,Keratan sulfate degradation
GALASE4ly,Keratan sulfate degradation
GALASE7ly,Keratan sulfate degradation
GALASE8ly,Keratan sulfate degradation
GALASE9ly,Keratan sulfate degradation
NACHEX10ly,Keratan sulfate degradation
NACHEX13ly,Keratan sulfate degradation
NACHEX16ly,Keratan sulfate degradation
NACHEX17ly,Keratan sulfate degradation
NACHEX20ly,Keratan sulfate degradation
NACHEX25ly,Keratan sulfate degradation
NACHEX26ly,Keratan sulfate degradation
NACHEXA10ly,Keratan sulfate degradation
NACHEXA11ly,Keratan sulfate degradation
NACHEXA12ly,Keratan sulfate degradation
NACHEXA13ly,Keratan sulfate degradation
NACHEXA15ly,Keratan sulfate degradation
NACHEXA18ly,Keratan sulfate degradation
NACHEXA20ly,Keratan sulfate degradation
NACHEXA21ly,Keratan sulfate degradation
NACHEXA9ly,Keratan sulfate degradation
S6TASE11ly,Keratan sulfate degradation
S6TASE14ly,Keratan sulfate degradation
S6TASE15ly,Keratan sulfate degradation
S6TASE16ly,Keratan sulfate degradation
S6TASE17ly,Keratan sulfate degradation
S6TASE21ly,Keratan sulfate degradation
S6TASE24ly,Keratan sulfate degradation
S6TASE25ly,Keratan sulfate degradation
S6TASE26ly,Keratan sulfate degradation
SIAASE2ly,Keratan sulfate degradation
SIAASE4ly,Keratan sulfate degradation
ENGASE3ly,Keratan sulfate degradation
HMR_7469,Keratan sulfate degradation
FUCASE2e,Keratan sulfate degradation
GALASE11ly,Keratan sulfate degradation
GALASE14ly,Keratan sulfate degradation
GALASE18ly,Keratan sulfate degradation
GALASE3ly,Keratan sulfate degradation
GALASE5ly,Keratan sulfate degradation
GALASE6ly,Keratan sulfate degradation
GASNASE3ly,Keratan sulfate degradation
NACHEX11ly,Keratan sulfate degradation
NACHEX12ly,Keratan sulfate degradation
NACHEX14ly,Keratan sulfate degradation
NACHEX15ly,Keratan sulfate degradation
NACHEX18ly,Keratan sulfate degradation
NACHEX19ly,Keratan sulfate degradation
NACHEX21ly,Keratan sulfate degradation
NACHEX22ly,Keratan sulfate degradation
NACHEX23ly,Keratan sulfate degradation
NACHEX24ly,Keratan sulfate degradation
NACHEXA14ly,Keratan sulfate degradation
NACHEXA16ly,Keratan sulfate degradation
NACHEXA17ly,Keratan sulfate degradation
NACHEXA19ly,Keratan sulfate degradation
NACHEXA22ly,Keratan sulfate degradation
NAGA2ly,Keratan sulfate degradation
NAGLCAly,Keratan sulfate degradation
S6TASE10ly,Keratan sulfate degradation
S6TASE12ly,Keratan sulfate degradation
S6TASE13ly,Keratan sulfate degradation
S6TASE18ly,Keratan sulfate degradation
S6TASE19ly,Keratan sulfate degradation
S6TASE20ly,Keratan sulfate degradation
S6TASE22ly,Keratan sulfate degradation
S6TASE23ly,Keratan sulfate degradation
SIAASE3ly,Keratan sulfate degradation
AG13T16g,Keratan sulfate synthesis
AG13T18g,Keratan sulfate synthesis
AG13T2g,Keratan sulfate synthesis
G14T20g,Keratan sulfate synthesis
G14T21g,Keratan sulfate synthesis
G14T2g,Keratan sulfate synthesis
G14T5g,Keratan sulfate synthesis
S6T18g,Keratan sulfate synthesis
S6T1g,Keratan sulfate synthesis
S6T2g,Keratan sulfate synthesis
S6T3g,Keratan sulfate synthesis
AG13T17g,Keratan sulfate synthesis
AG13T1g,Keratan sulfate synthesis
AG13T3g,Keratan sulfate synthesis
G14T18g,Keratan sulfate synthesis
G14T19g,Keratan sulfate synthesis
G14T3g,Keratan sulfate synthesis
G14T4g,Keratan sulfate synthesis
S23T2g,Keratan sulfate synthesis
S23T4g,Keratan sulfate synthesis
S6T16g,Keratan sulfate synthesis
S6T17g,Keratan sulfate synthesis
HMR_1081,Leukotriene metabolism
HMR_1084,Leukotriene metabolism
HMR_1085,Leukotriene metabolism
HMR_1102,Leukotriene metabolism
HMR_1127,Leukotriene metabolism
HMR_1126,Leukotriene metabolism
HMR_1129,Leukotriene metabolism
HMR_1280,Leukotriene metabolism
P4502C92,Limonene and pinene degradation
P4502C93,Limonene and pinene degradation
P4502C94,Limonene and pinene degradation
RE2346C,Linoleate metabolism
RE3411C_1,Linoleate metabolism
RE3413C,Linoleate metabolism
HMR_2457,Linoleate metabolism
RE3258C,Linoleate metabolism
RE3259C,Linoleate metabolism
RE3417C_1,Linoleate metabolism
RE3420C_1,Linoleate metabolism
HMR_2440,Linoleate metabolism
HMR_6397,Lipoate metabolism
2AMADPTm,Lysine metabolism
2OXOADOXm,Lysine metabolism
PPD2CSPp,Lysine metabolism
SACCD3m,Lysine metabolism
TMABADH,Lysine metabolism
TMLYSOX,Lysine metabolism
AASAD3,Lysine metabolism
AADSACYCL,Lysine metabolism
ADPOHc,Lysine metabolism
HMCRNc,Lysine metabolism
ACLYSHYc,Lysine metabolism
3OHGLUTACm,Lysine metabolism
GLUTACOAm,Lysine metabolism
GLUTCONm,Lysine metabolism
HMR_6975,Lysine metabolism
HMR_6976,Lysine metabolism
HMR_6978,Lysine metabolism
1PPDCRp,Lysine metabolism
AASAD3m,Lysine metabolism
AATA,Lysine metabolism
BBHOX,Lysine metabolism
LYSACm,Lysine metabolism
TD2GLTRCOAm,Lysine metabolism
3HGLUTCOAm,Lysine metabolism
HMR_6977,Lysine metabolism
GHMT3,Lysine metabolism
LPCOXp,Lysine metabolism
LYSOXp,Lysine metabolism
SACCD4m,Lysine metabolism
r0450,Lysine metabolism
r0525,Lysine metabolism
2AMACSULT,Methionine and cysteine metabolism
LCYSTAT,Methionine and cysteine metabolism
MCLACCYSR,Methionine and cysteine metabolism
MCLORi,Methionine and cysteine metabolism
MCPST,Methionine and cysteine metabolism
METAT,Methionine and cysteine metabolism
METS,Methionine and cysteine metabolism
SLDt,Methionine and cysteine metabolism
SULFOX,Methionine and cysteine metabolism
r0027,Methionine and cysteine metabolism
r0142,Methionine and cysteine metabolism
RE2030M,Methionine and cysteine metabolism
RE2223M,Methionine and cysteine metabolism
HYPTROXe,Methionine and cysteine metabolism
SFCYSc,Methionine and cysteine metabolism
UNK3,Methionine and cysteine metabolism
CYSTGL,Methionine and cysteine metabolism
CYSTS,Methionine and cysteine metabolism
SERD_L,Methionine and cysteine metabolism
AHCi,Methionine and cysteine metabolism
HMR_3915,Methionine and cysteine metabolism
HMR_4701,Methionine and cysteine metabolism
HMR_5387,Methionine and cysteine metabolism
HMR_5389,Methionine and cysteine metabolism
METOX,Methionine and cysteine metabolism
HMR_6515,Methionine and cysteine metabolism
3SALATAi,Methionine and cysteine metabolism
3SALATAim,Methionine and cysteine metabolism
3SPYRSP,Methionine and cysteine metabolism
3SPYRSPm,Methionine and cysteine metabolism
CYSGLTH,Methionine and cysteine metabolism
CYSTA,Methionine and cysteine metabolism
RE1933C,Methionine and cysteine metabolism
RE2640C,Methionine and cysteine metabolism
PAPSR,Methionine and cysteine metabolism
METTRANSc,Methionine and cysteine metabolism
METDECARc,Methionine and cysteine metabolism
LHCYSTIN,Methionine and cysteine metabolism
ACDO,Methionine and cysteine metabolism
DKMPPD3_1,Methionine and cysteine metabolism
HMR_3996,Methionine and cysteine metabolism
SLDx,Methionine and cysteine metabolism
r0193,Methionine and cysteine metabolism
r0210,Methionine and cysteine metabolism
r0281,Methionine and cysteine metabolism
r0595,Methionine and cysteine metabolism
R_group_phosphotase_2,Miscellaneous
R_group_phosphotase_3,Miscellaneous
CATp,Miscellaneous
HCO3Em,Miscellaneous
PPA2,Miscellaneous
PPAer,Miscellaneous
PRDXl,Miscellaneous
TRDR2,Miscellaneous
r0016,Miscellaneous
r0023,Miscellaneous
r0083,Miscellaneous
r0242,Miscellaneous
r0246,Miscellaneous
r0319,Miscellaneous
r0383,Miscellaneous
r0390_1,Miscellaneous
r0407,Miscellaneous
r0408,Miscellaneous
r0409,Miscellaneous
r0425,Miscellaneous
r0451,Miscellaneous
r0465_1,Miscellaneous
r0511,Miscellaneous
r0546,Miscellaneous
r0557,Miscellaneous
r0558,Miscellaneous
r0610,Miscellaneous
r0627,Miscellaneous
r0642,Miscellaneous
r0648,Miscellaneous
r0656,Miscellaneous
r0670,Miscellaneous
r0716_1,Miscellaneous
r0737,Miscellaneous
r0755,Miscellaneous
r0756,Miscellaneous
r0774,Miscellaneous
r1134,Miscellaneous
r1164,Miscellaneous
r1167,Miscellaneous
r1170,Miscellaneous
r1175,Miscellaneous
r1177,Miscellaneous
r1179,Miscellaneous
r1182,Miscellaneous
r1378,Miscellaneous
r1392,Miscellaneous
HCO3Ee,Miscellaneous
RE1050E,Miscellaneous
CYANSTm,Miscellaneous
RE2127C,Miscellaneous
RE2155C,Miscellaneous
RE2273E,Miscellaneous
RE2405C,Miscellaneous
RE2445E,Miscellaneous
RE2526C,Miscellaneous
RE3381C,Miscellaneous
FldAct,Miscellaneous
HCO3E,Miscellaneous
r0220_1,Miscellaneous
r0318,Miscellaneous
r0422,Miscellaneous
OAADC,Miscellaneous
GLYALDDr,Miscellaneous
HMR_8643,Miscellaneous
HMR_9561,Miscellaneous
HMR_9807,Miscellaneous
R_group_phosphotase_1,Miscellaneous
DPPS,Miscellaneous
GULND,Miscellaneous
RE2154C,Miscellaneous
RE2269E,Miscellaneous
RE2270E,Miscellaneous
RE2304E,Miscellaneous
RE2404C,Miscellaneous
RE2514E,Miscellaneous
RE2541C,Miscellaneous
RE2541E,Miscellaneous
RE3381E,Miscellaneous
RE1860E,Miscellaneous
PCSF,Miscellaneous
BANDMT,Miscellaneous
r0082,Miscellaneous
S2L2N2M2Mtl,Miscellaneous
ALCD1,Miscellaneous
GLYCK,Miscellaneous
HMR_5409,Miscellaneous
PPAn,Miscellaneous
PRDX,Miscellaneous
TRDR3,Miscellaneous
r0068,Miscellaneous
r0084,Miscellaneous
r0097,Miscellaneous
r0196,Miscellaneous
r0221_1,Miscellaneous
r0317,Miscellaneous
r0340,Miscellaneous
r0380,Miscellaneous
r0385,Miscellaneous
r0386,Miscellaneous
r0393,Miscellaneous
r0423,Miscellaneous
r0424,Miscellaneous
r0426,Miscellaneous
r0466_1,Miscellaneous
r0510,Miscellaneous
r0517,Miscellaneous
r0548,Miscellaneous
r0555,Miscellaneous
r0587,Miscellaneous
r0604,Miscellaneous
r0611,Miscellaneous
r0649_1,Miscellaneous
r0707,Miscellaneous
r0752,Miscellaneous
r0753,Miscellaneous
r0754,Miscellaneous
r0757,Miscellaneous
r0779,Miscellaneous
r0795,Miscellaneous
r1109,Miscellaneous
r1135,Miscellaneous
r1165,Miscellaneous
r1166,Miscellaneous
r1168,Miscellaneous
r1169,Miscellaneous
r1171,Miscellaneous
r1172,Miscellaneous
r1174,Miscellaneous
r1181,Miscellaneous
r1183,Miscellaneous
r1377,Miscellaneous
r1391,Miscellaneous
r1411,Miscellaneous
r1446,Miscellaneous
RE0936E,Miscellaneous
RE0937E,Miscellaneous
RE0938E,Miscellaneous
HMR_9801,Miscellaneous
AHEXASE2ly,N-glycan degradation
ENGASE2ly,N-glycan degradation
FUCASEe,N-glycan degradation
GALASE1ly,N-glycan degradation
GASNASE2ly,N-glycan degradation
GASNASEly,N-glycan degradation
A_MANASEly,N-glycan degradation
AHEXASEly,N-glycan degradation
B_MANNASEly,N-glycan degradation
ENGASEly,N-glycan degradation
FUCASEly,N-glycan degradation
SIAASEly,N-glycan degradation
HMR_7256,N-glycan metabolism
HMR_1532,N-glycan metabolism
HMR_7255,N-glycan metabolism
HMR_7278,N-glycan metabolism
HMR_7328,N-glycan metabolism
HMR_7329,N-glycan metabolism
DEDOLP2_L,N-glycan synthesis
DOLGPP_Ler,N-glycan synthesis
DOLICHOL_Lter,N-glycan synthesis
DOLICHOL_Uter,N-glycan synthesis
DOLK_U,N-glycan synthesis
DOLPH_Uer,N-glycan synthesis
DOLPMT_U,N-glycan synthesis
DOLP_Lter,N-glycan synthesis
DOLP_Uter,N-glycan synthesis
DEDOLP1_L,N-glycan synthesis
DEDOLR_L,N-glycan synthesis
DOLGLCP_Lter,N-glycan synthesis
DOLK_L,N-glycan synthesis
DOLMANP_Uter,N-glycan synthesis
DOLPH_Ler,N-glycan synthesis
FT,N-glycan synthesis
GGT_L,N-glycan synthesis
UDPDOLPT_L,N-glycan synthesis
NADNe,NAD metabolism
NICRNS,NAD metabolism
RNMK,NAD metabolism
THD1m,NAD metabolism
DNADDP,NAD metabolism
NNATr,NAD metabolism
NADN,NAD metabolism
NT5C,NAD metabolism
NADPPPS,NAD metabolism
NNDPR,NAD metabolism
PNP,NAD metabolism
NADK,NAD metabolism
NADS2,NAD metabolism
NADS1,NAD metabolism
NADDP,NAD metabolism
NADS1n,NAD metabolism
NADPN,NAD metabolism
NADPNe,NAD metabolism
NMNATm,NAD metabolism
NMNATn,NAD metabolism
NMNAT,NAD metabolism
NMNS,NAD metabolism
NNATn,NAD metabolism
NNMT,NAD metabolism
NP1,NAD metabolism
NAPRT,NAD metabolism
NMNDA,NAD metabolism
ADK3,Nucleotide interconversion
ADK3m,Nucleotide interconversion
ADKd,Nucleotide interconversion
ADPMAN,Nucleotide interconversion
AMPDA,Nucleotide interconversion
CYTDn,Nucleotide interconversion
CYTK12,Nucleotide interconversion
CYTK12n,Nucleotide interconversion
CYTK13n,Nucleotide interconversion
CYTK14,Nucleotide interconversion
CYTK1m,Nucleotide interconversion
CYTK2n,Nucleotide interconversion
CYTK3,Nucleotide interconversion
CYTK4,Nucleotide interconversion
CYTK5n,Nucleotide interconversion
CPK1,Nucleotide interconversion
CYTK6n,Nucleotide interconversion
CYTK7,Nucleotide interconversion
CYTK7n,Nucleotide interconversion
CYTK8,Nucleotide interconversion
CYTK8n,Nucleotide interconversion
DADNK,Nucleotide interconversion
DCK1m,Nucleotide interconversion
DCK1n,Nucleotide interconversion
DCYTDn,Nucleotide interconversion
DURIK1,Nucleotide interconversion
DUTPDPm,Nucleotide interconversion
NDP7g,Nucleotide interconversion
NDP8,Nucleotide interconversion
NDP8ex,Nucleotide interconversion
NDPK3m,Nucleotide interconversion
NDPK4m,Nucleotide interconversion
NDPK4n,Nucleotide interconversion
NDPK6m,Nucleotide interconversion
NDPK7m,Nucleotide interconversion
NDPK7n,Nucleotide interconversion
NDPK9n,Nucleotide interconversion
NTD12,Nucleotide interconversion
NTD1m,Nucleotide interconversion
NTD4e,Nucleotide interconversion
NTD5m,Nucleotide interconversion
NTD7e,Nucleotide interconversion
NTD9e,Nucleotide interconversion
PDE1,Nucleotide interconversion
PDE1g,Nucleotide interconversion
PDE4,Nucleotide interconversion
PDE4g,Nucleotide interconversion
SADT,Nucleotide interconversion
TMDK1m,Nucleotide interconversion
UMPK3,Nucleotide interconversion
UMPK4,Nucleotide interconversion
UMPK4n,Nucleotide interconversion
UMPK5,Nucleotide interconversion
UMPK6n,Nucleotide interconversion
UMPK7,Nucleotide interconversion
UMPK7n,Nucleotide interconversion
UMPKn,Nucleotide interconversion
HXAND,Nucleotide interconversion
RNTR1,Nucleotide interconversion
RNTR2,Nucleotide interconversion
r1384,Nucleotide interconversion
BPNT,Nucleotide interconversion
CTPS1,Nucleotide interconversion
DTMPK,Nucleotide interconversion
DURIPP,Nucleotide interconversion
GK1,Nucleotide interconversion
IMPD,Nucleotide interconversion
NDPK2,Nucleotide interconversion
NDPK4,Nucleotide interconversion
NDPK6,Nucleotide interconversion
URIDK2r,Nucleotide interconversion
DADK,Nucleotide interconversion
PUNP1,Nucleotide interconversion
PUNP7,Nucleotide interconversion
RNDR2,Nucleotide interconversion
RNDR3,Nucleotide interconversion
RNDR4,Nucleotide interconversion
NTD10,Nucleotide interconversion
ADNK1,Nucleotide interconversion
CYTK1,Nucleotide interconversion
TMDS,Nucleotide interconversion
ADK1m,Nucleotide interconversion
ADNCYC,Nucleotide interconversion
ADNK1m,Nucleotide interconversion
ADSK,Nucleotide interconversion
ADSL1r,Nucleotide interconversion
ATPH1e,Nucleotide interconversion
ATPH2e,Nucleotide interconversion
BPNT2,Nucleotide interconversion
CYTDK1,Nucleotide interconversion
CYTDK2m,Nucleotide interconversion
CYTK10,Nucleotide interconversion
CYTK10n,Nucleotide interconversion
CYTK11,Nucleotide interconversion
CYTK11n,Nucleotide interconversion
CYTK13,Nucleotide interconversion
CYTK14n,Nucleotide interconversion
CYTK1n,Nucleotide interconversion
CYTK3n,Nucleotide interconversion
CYTK4n,Nucleotide interconversion
CYTK2_1,Nucleotide interconversion
CYTK9,Nucleotide interconversion
CYTK9n,Nucleotide interconversion
DADA,Nucleotide interconversion
DADAe,Nucleotide interconversion
DCK2n,Nucleotide interconversion
DGK2m,Nucleotide interconversion
DGNSKm,Nucleotide interconversion
DURIK1m,Nucleotide interconversion
DUTPDPn,Nucleotide interconversion
DGK1,Nucleotide interconversion
NDPK7,Nucleotide interconversion
NDPK8,Nucleotide interconversion
NDPK9,Nucleotide interconversion
RNDR1,Nucleotide interconversion
TMDK1,Nucleotide interconversion
GMPS2,Nucleotide interconversion
NDPK1,Nucleotide interconversion
NDPK3,Nucleotide interconversion
NDPK5,Nucleotide interconversion
UMPK,Nucleotide interconversion
NTD6,Nucleotide interconversion
NTD7,Nucleotide interconversion
NTD8,Nucleotide interconversion
NTD9,Nucleotide interconversion
ADPRDP,Nucleotide interconversion
CYTK2,Nucleotide interconversion
GUACYC,Nucleotide interconversion
NDP10ex,Nucleotide interconversion
NDP3ex,Nucleotide interconversion
NDP6,Nucleotide interconversion
NDP7er,Nucleotide interconversion
NDP7ex,Nucleotide interconversion
NDPK10,Nucleotide interconversion
NDPK10n,Nucleotide interconversion
NDPK1m,Nucleotide interconversion
NDPK1n,Nucleotide interconversion
NDPK2n,Nucleotide interconversion
NDPK3n,Nucleotide interconversion
NDPK5m,Nucleotide interconversion
NDPK5n,Nucleotide interconversion
NDPK6n,Nucleotide interconversion
NDPK8m,Nucleotide interconversion
NDPK8n,Nucleotide interconversion
NTD2e,Nucleotide interconversion
NTP3e,Nucleotide interconversion
NTPP10,Nucleotide interconversion
NTPP9,Nucleotide interconversion
GCPNn,Nucleotide interconversion
TRDR,Nucleotide interconversion
UMPK2,Nucleotide interconversion
UMPK2n,Nucleotide interconversion
UMPK3n,Nucleotide interconversion
UMPK5n,Nucleotide interconversion
UMPK6,Nucleotide interconversion
URIDK2m,Nucleotide interconversion
XAO2,Nucleotide interconversion
DGNSK,Nucleotide interconversion
RNTR3,Nucleotide interconversion
RNTR4,Nucleotide interconversion
DUTCP,Nucleotide interconversion
DUTUP,Nucleotide interconversion
ADK1,Nucleotide interconversion
ADSS,Nucleotide interconversion
HMR_3966,Nucleotide metabolism
GUAPRT,Nucleotide salvage pathway
HXPRT,Nucleotide salvage pathway
ADPT,Nucleotide salvage pathway
UDPGLDCg,Nucleotide sugar metabolism
A4GNT2g,O-glycan metabolism
CORE3GTg,O-glycan metabolism
CORE6GTg,O-glycan metabolism
CORE7GTg,O-glycan metabolism
N3Tg,O-glycan metabolism
NS26T2g,O-glycan metabolism
NS26Tg,O-glycan metabolism
S23Tg,O-glycan metabolism
HMR_7197,O-glycan metabolism
A4GNT1g,O-glycan metabolism
CORE2GTg,O-glycan metabolism
CORE4GTg,O-glycan metabolism
CORE5GTg,O-glycan metabolism
CORE8GTg,O-glycan metabolism
HMR_7180,O-glycan metabolism
HMR_7181,O-glycan metabolism
GALNTg,O-glycan metabolism
N4Tg,O-glycan metabolism
PPAm,Oxidative phosphorylation
G3PDm,Oxidative phosphorylation
CYOOm2i,Oxidative phosphorylation
FADH2ETC,Oxidative phosphorylation
PPA,Oxidative phosphorylation
ATPS4mi,Oxidative phosphorylation
CYOR_u10mi,Oxidative phosphorylation
NADH2_u10mi,Oxidative phosphorylation
CYOOm3i,Oxidative phosphorylation
r0205,Oxidative phosphorylation
ARABR,Pentose phosphate pathway
G6PDH1er,Pentose phosphate pathway
G6PDH2er,Pentose phosphate pathway
GNDer,Pentose phosphate pathway
GULN3D,Pentose phosphate pathway
GULNDer,Pentose phosphate pathway
GUR1PP,Pentose phosphate pathway
PGLer,Pentose phosphate pathway
RBK_Dr,Pentose phosphate pathway
UDPGNP,Pentose phosphate pathway
XYLK,Pentose phosphate pathway
XYLUR,Pentose phosphate pathway
r0249,Pentose phosphate pathway
r0784,Pentose phosphate pathway
G6PDH2c,Pentose phosphate pathway
GNDc,Pentose phosphate pathway
PRPPS,Pentose phosphate pathway
PPM2,Pentose phosphate pathway
RPE,Pentose phosphate pathway
TALA,Pentose phosphate pathway
TKT1,Pentose phosphate pathway
RBK,Pentose phosphate pathway
DRBK,Pentose phosphate pathway
GND,Pentose phosphate pathway
XYLR,Pentose phosphate pathway
ABTD,Pentose phosphate pathway
DGULND,Pentose phosphate pathway
DRPA,Pentose phosphate pathway
GNK,Pentose phosphate pathway
PGLc,Pentose phosphate pathway
RPEc,Pentose phosphate pathway
ABTD1,Pentose phosphate pathway
PGL,Pentose phosphate pathway
PPM,Pentose phosphate pathway
RPI,Pentose phosphate pathway
TKT2,Pentose phosphate pathway
G6PDH2r,Pentose phosphate pathway
GLYPHEHYc,Pentose phosphate pathway
UDPG1P,Pentose phosphate pathway
XYLTD_D,Pentose phosphate pathway
r0796,Pentose phosphate pathway
GLYLYSPHEr,Peptide metabolism
ALAARGCYSr,Peptide metabolism
GLYTYRLYSr,Peptide metabolism
GLYVALHISr,Peptide metabolism
HISGLUr,Peptide metabolism
HISGLUGLNr,Peptide metabolism
HISHISLYSr,Peptide metabolism
ALAARGGLYr,Peptide metabolism
ALAASNLEUr,Peptide metabolism
ALAGLYLYSr,Peptide metabolism
ALAHISALAr,Peptide metabolism
ARGALAALAr,Peptide metabolism
ARGALATHRr,Peptide metabolism
HISLYSILEr,Peptide metabolism
HISLYSTHRr,Peptide metabolism
HISLYSVALr,Peptide metabolism
HISMETGLNr,Peptide metabolism
HISTRPHISr,Peptide metabolism
ILEARGILEr,Peptide metabolism
ILEGLNGLUr,Peptide metabolism
ILEGLYARGr,Peptide metabolism
ILEPROLYSr,Peptide metabolism
ILETRPTYRr,Peptide metabolism
ARGARGLYSr,Peptide metabolism
ARGARGMETr,Peptide metabolism
ARGLEUPHEr,Peptide metabolism
ARGPHEARGr,Peptide metabolism
LEUASPLYSr,Peptide metabolism
LEULEUTRPr,Peptide metabolism
ARGPROMETr,Peptide metabolism
LEUPROr,Peptide metabolism
LEUPROARGr,Peptide metabolism
ARGPROTHRr,Peptide metabolism
ARGVALCYSr,Peptide metabolism
ASNASNARGr,Peptide metabolism
ASPALAARGr,Peptide metabolism
LEUSERTRPr,Peptide metabolism
LEUTYRTYRr,Peptide metabolism
LYSCYSHISr,Peptide metabolism
LYSLYSLYSr,Peptide metabolism
ASPGLUPROr,Peptide metabolism
ASPGLUTRPr,Peptide metabolism
LYSTRPARGr,Peptide metabolism
LYSVALPHEr,Peptide metabolism
METASNTYRr,Peptide metabolism
METPHEARGr,Peptide metabolism
ASPHISCYSr,Peptide metabolism
ASPHISPROr,Peptide metabolism
ASPLYSGLUr,Peptide metabolism
ASPMETASPr,Peptide metabolism
ASPPROLYSr,Peptide metabolism
ASPVALASNr,Peptide metabolism
CYSASNMETr,Peptide metabolism
PHELEUr,Peptide metabolism
PHELEUASPr,Peptide metabolism
PHELEUHISr,Peptide metabolism
PHELYSALAr,Peptide metabolism
PHELYSPROr,Peptide metabolism
CYSASPPHEr,Peptide metabolism
CYSCYSr,Peptide metabolism
CYSGLUTRPr,Peptide metabolism
CYSLEUTHRr,Peptide metabolism
CYSSERMETr,Peptide metabolism
PHEPHETHRr,Peptide metabolism
PHEPROARGr,Peptide metabolism
PHESERTRPr,Peptide metabolism
PROARGCYSr,Peptide metabolism
CYSTYRASNr,Peptide metabolism
GLNASNGLNr,Peptide metabolism
PROGLNPROr,Peptide metabolism
GLNLYSLYSr,Peptide metabolism
PROHISr,Peptide metabolism
PROHISTYRr,Peptide metabolism
PROLEUARGr,Peptide metabolism
GLNLYSTRPr,Peptide metabolism
GLUASNLEUr,Peptide metabolism
GLUGLUr,Peptide metabolism
GLUILELYSr,Peptide metabolism
GLULEUr,Peptide metabolism
GLUMETr,Peptide metabolism
GLUTHRLYSr,Peptide metabolism
PROLYSPROr,Peptide metabolism
PROPHEr,Peptide metabolism
PROPROARGr,Peptide metabolism
PROPROPROr,Peptide metabolism
PROTRPTHRr,Peptide metabolism
PROVALGLNr,Peptide metabolism
SERCYSARGr,Peptide metabolism
SERGLYGLUr,Peptide metabolism
SERLYSHISr,Peptide metabolism
SERTRPHISr,Peptide metabolism
THRASNTYRr,Peptide metabolism
THRGLNTYRr,Peptide metabolism
THRILEARGr,Peptide metabolism
THRMETARGr,Peptide metabolism
THRTYRMETr,Peptide metabolism
TRPALAPROr,Peptide metabolism
TRPGLUTYRr,Peptide metabolism
TRPGLYVALr,Peptide metabolism
TRPILETRPr,Peptide metabolism
TRPLEUVALr,Peptide metabolism
TRPLYSr,Peptide metabolism
TRPMETARGr,Peptide metabolism
TRPPHEr,Peptide metabolism
TRPPROVALr,Peptide metabolism
TRPSERTYRr,Peptide metabolism
TRPTHRILEr,Peptide metabolism
TRPTYRGLNr,Peptide metabolism
TYRALAr,Peptide metabolism
TYRARGSERr,Peptide metabolism
TYRCYSTHRr,Peptide metabolism
TYRGLUr,Peptide metabolism
TYRTYRr,Peptide metabolism
TYRVALMETr,Peptide metabolism
VALLEUPHEr,Peptide metabolism
VALPROTRPr,Peptide metabolism
VALTRPVALr,Peptide metabolism
TRPGLYASPr,Peptide metabolism
ALALYSTHRr,Peptide metabolism
ARGALAPHEr,Peptide metabolism
ARGARGr,Peptide metabolism
ARGCYSGLYr,Peptide metabolism
ARGCYSSERr,Peptide metabolism
ARGGLUGLUr,Peptide metabolism
ARGGLUPROr,Peptide metabolism
ARGGLYGLYr,Peptide metabolism
ARGHISTHRr,Peptide metabolism
ARGLYSASPr,Peptide metabolism
ARGSERSERr,Peptide metabolism
ARGTYRVALr,Peptide metabolism
ARGVALTRPr,Peptide metabolism
ASNCYSCYSr,Peptide metabolism
ASNMETPROr,Peptide metabolism
ASNPHEASPr,Peptide metabolism
ASNPHECYSr,Peptide metabolism
ASNTYRGLYr,Peptide metabolism
ASNTYRPHEr,Peptide metabolism
ASNTYRTHRr,Peptide metabolism
ASPASNGLUr,Peptide metabolism
ASPGLUr,Peptide metabolism
ASPLYSHISr,Peptide metabolism
CYSGLNMETr,Peptide metabolism
CYSGLUHISr,Peptide metabolism
GLNHISHISr,Peptide metabolism
GLNHISLYSr,Peptide metabolism
GLNPROGLUr,Peptide metabolism
GLNTRPGLUr,Peptide metabolism
GLNTYRLEUr,Peptide metabolism
GLUARGLEUr,Peptide metabolism
GLUMETHISr,Peptide metabolism
GLUTHRr,Peptide metabolism
GLUTRPALAr,Peptide metabolism
GLYHISASNr,Peptide metabolism
GLYHISLYSr,Peptide metabolism
GLYLYSCYSr,Peptide metabolism
HISARGCYSr,Peptide metabolism
HISARGSERr,Peptide metabolism
HISASPr,Peptide metabolism
HISCYSCYSr,Peptide metabolism
HISGLNALAr,Peptide metabolism
HISGLYLYSr,Peptide metabolism
HISLYSALAr,Peptide metabolism
HISLYSGLUr,Peptide metabolism
HISMETr,Peptide metabolism
HISPHEARGr,Peptide metabolism
HISPROLYSr,Peptide metabolism
ILEASNHISr,Peptide metabolism
ILEASPr,Peptide metabolism
ILESERARGr,Peptide metabolism
LEUALAARGr,Peptide metabolism
LEUASNASPr,Peptide metabolism
LEUTRPr,Peptide metabolism
LEUTRPARGr,Peptide metabolism
LEUVALr,Peptide metabolism
LYSARGLEUr,Peptide metabolism
LYSGLNPHEr,Peptide metabolism
LYSGLUGLUr,Peptide metabolism
LYSPHEILEr,Peptide metabolism
LYSTYRILEr,Peptide metabolism
LYSVALTRPr,Peptide metabolism
METARGLEUr,Peptide metabolism
METGLNTYRr,Peptide metabolism
METGLYARGr,Peptide metabolism
METHISLYSr,Peptide metabolism
METMETILEr,Peptide metabolism
METTRPPHEr,Peptide metabolism
PHEASNMETr,Peptide metabolism
PHEASPr,Peptide metabolism
PHEGLNPHEr,Peptide metabolism
PHEPHEr,Peptide metabolism
PHEPHEASNr,Peptide metabolism
PHETHRLYSr,Peptide metabolism
PHETRPLEUr,Peptide metabolism
PHETYRr,Peptide metabolism
PHETYRGLNr,Peptide metabolism
PHETYRLYSr,Peptide metabolism
PROARGASPr,Peptide metabolism
PROASNCYSr,Peptide metabolism
PROCYSr,Peptide metabolism
PROGLULYSr,Peptide metabolism
PROTRPLYSr,Peptide metabolism
SERARGALAr,Peptide metabolism
SERARGTRPr,Peptide metabolism
SERPHELYSr,Peptide metabolism
THRARGTYRr,Peptide metabolism
THRGLNGLUr,Peptide metabolism
THRHISHISr,Peptide metabolism
THRPHEARGr,Peptide metabolism
THRSERARGr,Peptide metabolism
THRTHRARGr,Peptide metabolism
TRPARGALAr,Peptide metabolism
TRPASPASPr,Peptide metabolism
TRPGLNGLNr,Peptide metabolism
TRPGLUGLYr,Peptide metabolism
TRPGLULEUr,Peptide metabolism
TRPGLUPROr,Peptide metabolism
TRPGLYLEUr,Peptide metabolism
TRPGLYPHEr,Peptide metabolism
TRPHISMETr,Peptide metabolism
TRPILELYSr,Peptide metabolism
TRPMETVALr,Peptide metabolism
TRPPROGLYr,Peptide metabolism
TRPPROLEUr,Peptide metabolism
TRPTHRGLUr,Peptide metabolism
TRPTHRTYRr,Peptide metabolism
TRPTYRTYRr,Peptide metabolism
TRPVALASPr,Peptide metabolism
TYRALAPHEr,Peptide metabolism
TYRARGGLUr,Peptide metabolism
TYRASPARGr,Peptide metabolism
TYRCYSGLYr,Peptide metabolism
TYRLEUARGr,Peptide metabolism
TYRPHETYRr,Peptide metabolism
TYRTHRr,Peptide metabolism
TYRTRPPHEr,Peptide metabolism
VALARGGLYr,Peptide metabolism
VALHISASNr,Peptide metabolism
VALLYSTYRr,Peptide metabolism
VALPHEARGr,Peptide metabolism
VALSERARGr,Peptide metabolism
VALTRPPHEr,Peptide metabolism
VALVALr,Peptide metabolism
PHETA1m,Phenylalanine metabolism
PHYCBOXL,Phenylalanine metabolism
PPOR,Phenylalanine metabolism
PHACCOAGLYACm,Phenylalanine metabolism
PACCOALm,Phenylalanine metabolism
TYROX,Phenylalanine metabolism
HMR_6785,Phenylalanine metabolism
4HALDD,Phenylalanine metabolism
HMR_6850,Phenylalanine metabolism
HMR_6854,Phenylalanine metabolism
HMR_6876,Phenylalanine metabolism
HMR_7756,Phenylalanine metabolism
PHLAC,Phenylalanine metabolism
3HPPPNOHc,Phenylalanine metabolism
3HPPPNOHGLUCc,Phenylalanine metabolism
PHETA1,Phenylalanine metabolism
HMR_6728,Phenylalanine metabolism
HMR_6729,Phenylalanine metabolism
HMR_6747,Phenylalanine metabolism
HMR_6755,Phenylalanine metabolism
HMR_6782,Phenylalanine metabolism
4CMCOAS,Phenylalanine metabolism
HMR_6786,Phenylalanine metabolism
HMR_6826,Phenylalanine metabolism
HMR_6834,Phenylalanine metabolism
HMR_6838,Phenylalanine metabolism
HMR_6839,Phenylalanine metabolism
HMR_6844,Phenylalanine metabolism
HMR_6874,Phenylalanine metabolism
HMR_7628,Phenylalanine metabolism
PACCOAL,Phenylalanine metabolism
PEAMNO,Phenylalanine metabolism
PHACCOAGLNAC,Phenylalanine metabolism
PHETHPTOX2,Phenylalanine metabolism
ALDD19xr,Phenylalanine metabolism
ALDD19x_P,Phenylalanine metabolism
GPIDA2er,Phosphatidylinositol phosphate metabolism
GPIDAer,Phosphatidylinositol phosphate metabolism
H3MTer_U,Phosphatidylinositol phosphate metabolism
H4ET3er,Phosphatidylinositol phosphate metabolism
H4ETer,Phosphatidylinositol phosphate metabolism
H6ET3er,Phosphatidylinositol phosphate metabolism
H7ET2er,Phosphatidylinositol phosphate metabolism
M4BTAer,Phosphatidylinositol phosphate metabolism
M4CET3er,Phosphatidylinositol phosphate metabolism
PIACGT,Phosphatidylinositol phosphate metabolism
RE1957R_1,Phosphatidylinositol phosphate metabolism
RE1441R_1,Phosphatidylinositol phosphate metabolism
RE2972M_1,Phosphatidylinositol phosphate metabolism
RE2973N_1,Phosphatidylinositol phosphate metabolism
RE2974N_1,Phosphatidylinositol phosphate metabolism
PI3PP,Phosphatidylinositol phosphate metabolism
RE3273R_1,Phosphatidylinositol phosphate metabolism
ACGPID,Phosphatidylinositol phosphate metabolism
BMTer_U,Phosphatidylinositol phosphate metabolism
RE3268R_1,Phosphatidylinositol phosphate metabolism
PI35P3P,Phosphatidylinositol phosphate metabolism
PI4P4Pn,Phosphatidylinositol phosphate metabolism
RE3273C_1,Phosphatidylinositol phosphate metabolism
GPIAT,Phosphatidylinositol phosphate metabolism
GPIMTer_U,Phosphatidylinositol phosphate metabolism
H2ETer,Phosphatidylinositol phosphate metabolism
H2MTer_U,Phosphatidylinositol phosphate metabolism
H3ETer,Phosphatidylinositol phosphate metabolism
H5MTer_U,Phosphatidylinositol phosphate metabolism
H6_ET2er,Phosphatidylinositol phosphate metabolism
H6_ETer,Phosphatidylinositol phosphate metabolism
H6MTer_U,Phosphatidylinositol phosphate metabolism
H7_ETer,Phosphatidylinositol phosphate metabolism
H7MTer_U,Phosphatidylinositol phosphate metabolism
H7_TAer,Phosphatidylinositol phosphate metabolism
H8TAer,Phosphatidylinositol phosphate metabolism
RE1447M_1,Phosphatidylinositol phosphate metabolism
RE1447N_1,Phosphatidylinositol phosphate metabolism
RE1448N_1,Phosphatidylinositol phosphate metabolism
RE1448R_1,Phosphatidylinositol phosphate metabolism
ACCOALm,Propanoate metabolism
ACS2,Propanoate metabolism
ACCOAL,Propanoate metabolism
2M3OVCOAm,Propanoate metabolism
2M3OVACm,Propanoate metabolism
HMR_9803,Propanoate metabolism
HMR_9804,Propanoate metabolism
2HBO,Propanoate metabolism
ADCim,Propanoate metabolism
AACOAT,Propanoate metabolism
MCITS,Propanoate metabolism
MMSAD3m,Propanoate metabolism
r0365,Propanoate metabolism
OBDHm,Propanoate metabolism
2M3HVACc,Propanoate metabolism
PROTEIN_BS,Protein formation
NTD9l,Purine catabolism
XAOx,Purine catabolism
r0009,Purine catabolism
NDP1,Purine catabolism
NTPP2,Purine catabolism
ITPH2,Purine catabolism
GMPR,Purine catabolism
r0812,Purine catabolism
r0859,Purine catabolism
RE2605C,Purine catabolism
RE2888C_1,Purine catabolism
PUNP3,Purine catabolism
PUNP5,Purine catabolism
PUNP6,Purine catabolism
HMR_6607,Purine catabolism
ADD,Purine catabolism
ADA,Purine catabolism
ADAe,Purine catabolism
RE3352C,Purine catabolism
PUNP2,Purine catabolism
PUNP4,Purine catabolism
NTD11,Purine catabolism
HMR_6611,Purine catabolism
GUAD,Purine catabolism
NTD7l,Purine catabolism
XANDp,Purine catabolism
XAO2x,Purine catabolism
r0047,Purine catabolism
r0051,Purine catabolism
r0809,Purine catabolism
XAND,Purine catabolism
XAO,Purine catabolism
r0853,Purine catabolism
r0860,Purine catabolism
ADSL2r,Purine synthesis
AIRCr,Purine synthesis
GARFT,Purine synthesis
PRASCSi,Purine synthesis
PRAIS,Purine synthesis
INSK,Purine synthesis
AICART,Purine synthesis
PRFGS,Purine synthesis
IMPC,Purine synthesis
XPPT,Purine synthesis
URIK2,Purine synthesis
ADNK3,Purine synthesis
ADNK4,Purine synthesis
GLUPRT,Purine synthesis
PRAGSr,Purine synthesis
CYTD,Pyrimidine catabolism
DCYTD,Pyrimidine catabolism
DHPM1,Pyrimidine catabolism
DURAD,Pyrimidine catabolism
DURAD2,Pyrimidine catabolism
NTD2l,Pyrimidine catabolism
PYNP2r,Pyrimidine catabolism
r0139,Pyrimidine catabolism
r0149,Pyrimidine catabolism
r0166,Pyrimidine catabolism
r0330,Pyrimidine catabolism
r0410,Pyrimidine catabolism
r0483,Pyrimidine catabolism
r0494,Pyrimidine catabolism
r0497,Pyrimidine catabolism
DUTPDP,Pyrimidine catabolism
NTD2,Pyrimidine catabolism
CSND,Pyrimidine catabolism
2DR1PP,Pyrimidine catabolism
BUP2,Pyrimidine catabolism
D3AIBTm,Pyrimidine catabolism
DHPM2,Pyrimidine catabolism
NTD1,Pyrimidine catabolism
NTD3,Pyrimidine catabolism
DCMPDA,Pyrimidine catabolism
NTD4,Pyrimidine catabolism
NTD5,Pyrimidine catabolism
NTD4l,Pyrimidine catabolism
NTD5l,Pyrimidine catabolism
TMDPP,Pyrimidine catabolism
UPPN,Pyrimidine catabolism
DURADx,Pyrimidine catabolism
r0331,Pyrimidine catabolism
ADADir,Pyrimidine catabolism
DHORD9,Pyrimidine synthesis
RE0452M,Pyrimidine synthesis
RE0453C,Pyrimidine synthesis
RE0453M,Pyrimidine synthesis
RE0456N,Pyrimidine synthesis
RE1530M,Pyrimidine synthesis
PYK6,Pyrimidine synthesis
DTMPKm,Pyrimidine synthesis
CTPS2,Pyrimidine synthesis
DHORTS,Pyrimidine synthesis
OMPDC,Pyrimidine synthesis
UPPRT,Pyrimidine synthesis
DCTPD,Pyrimidine synthesis
ASPCT,Pyrimidine synthesis
RE0453N,Pyrimidine synthesis
RE1530C,Pyrimidine synthesis
URIK3,Pyrimidine synthesis
CBPS,Pyrimidine synthesis
CYTDK2,Pyrimidine synthesis
ORPT,Pyrimidine synthesis
URIK1,Pyrimidine synthesis
ALCD21_D,Pyruvate metabolism
ALCD22_D,Pyruvate metabolism
ALR2,Pyruvate metabolism
ALR3,Pyruvate metabolism
LALDO,Pyruvate metabolism
LCADi_D,Pyruvate metabolism
ME1m,Pyruvate metabolism
ME2m,Pyruvate metabolism
MGSA2,Pyruvate metabolism
PPDOy,Pyruvate metabolism
ACOAHim,Pyruvate metabolism
LCADi,Pyruvate metabolism
HMR_3855,Pyruvate metabolism
ACOAH,Pyruvate metabolism
ACTLMO,Pyruvate metabolism
ACTNMO,Pyruvate metabolism
LCARS,Pyruvate metabolism
ALCD22_L,Pyruvate metabolism
LGTHL,Pyruvate metabolism
GLYOX,Pyruvate metabolism
LDH_D,Pyruvate metabolism
LALDO2,Pyruvate metabolism
HMR_3859,Pyruvate metabolism
GLYOXm,Pyruvate metabolism
LCADm,Pyruvate metabolism
LDH_Lm,Pyruvate metabolism
L_LACDcm,Pyruvate metabolism
ME2,Pyruvate metabolism
MGSA,Pyruvate metabolism
PCm,Pyruvate metabolism
ALR,Pyruvate metabolism
r0818,Pyruvate metabolism
ARTCOAL3_cho,R group synthesis
ARTCOAL1_cho,R group synthesis
ARTCOAL2_cho,R group synthesis
ARTFR208,R group synthesis
ARTPLM3,R group synthesis
ARTPLM3m,R group synthesis
CATm,ROS detoxification
SPODMe,ROS detoxification
SPODM,ROS detoxification
CATr,ROS detoxification
SPODMm,ROS detoxification
SPODMn,ROS detoxification
SPODMx,ROS detoxification
A4GALTc,Sphingolipid metabolism
A4GALTg,Sphingolipid metabolism
B3GALT3g,Sphingolipid metabolism
B3GALT42g,Sphingolipid metabolism
B3GNT31g,Sphingolipid metabolism
B3GNT34g,Sphingolipid metabolism
B3GNT37g,Sphingolipid metabolism
B3GNT39g,Sphingolipid metabolism
DHCRD2,Sphingolipid metabolism
DSAT,Sphingolipid metabolism
GALGT2,Sphingolipid metabolism
GALGT3,Sphingolipid metabolism
GAO1g,Sphingolipid metabolism
GBA,Sphingolipid metabolism
GBGT1,Sphingolipid metabolism
GLAl,Sphingolipid metabolism
GLB1,Sphingolipid metabolism
NAGAlby,Sphingolipid metabolism
SBPP3er,Sphingolipid metabolism
SGPL12r,Sphingolipid metabolism
SLCBK1,Sphingolipid metabolism
SMPD3g,Sphingolipid metabolism
SMS,Sphingolipid metabolism
SPHK21c,Sphingolipid metabolism
ST3GAL21g,Sphingolipid metabolism
ST3GAL22g,Sphingolipid metabolism
ST3GAL23g,Sphingolipid metabolism
ST6GALNAC21,Sphingolipid metabolism
ST6GALNAC22,Sphingolipid metabolism
ST6GALNAC23,Sphingolipid metabolism
ST6GALNAC26,Sphingolipid metabolism
ST6GALNAC27,Sphingolipid metabolism
ST6GALNAC28,Sphingolipid metabolism
ST6GALNAC31_1,Sphingolipid metabolism
ST6GALNAC62,Sphingolipid metabolism
ST8SIA12,Sphingolipid metabolism
ST8SIA51g,Sphingolipid metabolism
ST8SIA52g,Sphingolipid metabolism
ST8SIA53g,Sphingolipid metabolism
UGCG,Sphingolipid metabolism
r0786,Sphingolipid metabolism
SBPP1,Sphingolipid metabolism
r0788,Sphingolipid metabolism
r0789,Sphingolipid metabolism
ACER23g,Sphingolipid metabolism
BGAL1e,Sphingolipid metabolism
BGAL2l,Sphingolipid metabolism
BGAL3l,Sphingolipid metabolism
DES21,Sphingolipid metabolism
GBA2e,Sphingolipid metabolism
GLA2l,Sphingolipid metabolism
HEXA1l,Sphingolipid metabolism
HEXA2l,Sphingolipid metabolism
HEXA3e,Sphingolipid metabolism
NEU21,Sphingolipid metabolism
NEU23,Sphingolipid metabolism
NEU24,Sphingolipid metabolism
NEU25,Sphingolipid metabolism
NEU32e,Sphingolipid metabolism
NEU34e,Sphingolipid metabolism
NEU35e,Sphingolipid metabolism
NEU37e,Sphingolipid metabolism
NEU38n,Sphingolipid metabolism
SMS1S2,Sphingolipid metabolism
SMS21e,Sphingolipid metabolism
SPHK22n,Sphingolipid metabolism
ST8SIA13e,Sphingolipid metabolism
HMR_0753,Sphingolipid metabolism
HMR_0765,Sphingolipid metabolism
HMR_0767,Sphingolipid metabolism
HMR_0783,Sphingolipid metabolism
3DSPHR,Sphingolipid metabolism
ARSA,Sphingolipid metabolism
ASAH1,Sphingolipid metabolism
B3GALT41g,Sphingolipid metabolism
B3GALT43g,Sphingolipid metabolism
B3GALT44g,Sphingolipid metabolism
B3GALT5g,Sphingolipid metabolism
B3GNT32g,Sphingolipid metabolism
B3GNT33g,Sphingolipid metabolism
B3GNT35g,Sphingolipid metabolism
B3GNT36g,Sphingolipid metabolism
CERK,Sphingolipid metabolism
DHCRD1,Sphingolipid metabolism
RE2675C_1,Sphingolipid metabolism
ACER11r,Sphingolipid metabolism
ACER22g,Sphingolipid metabolism
ACER31r,Sphingolipid metabolism
BGAL1l,Sphingolipid metabolism
CRMte,Sphingolipid metabolism
HEXAHBl,Sphingolipid metabolism
NEU11l,Sphingolipid metabolism
NEU22,Sphingolipid metabolism
NEU310e,Sphingolipid metabolism
NEU31e,Sphingolipid metabolism
NEU33e,Sphingolipid metabolism
NEU36e,Sphingolipid metabolism
NEU39e,Sphingolipid metabolism
SMSn,Sphingolipid metabolism
SPHK11,Sphingolipid metabolism
SPHK21n,Sphingolipid metabolism
SPMD3n,Sphingolipid metabolism
PHSGPL11c,Sphingolipid metabolism
FUT11g,Sphingolipid metabolism
GAL3ST11,Sphingolipid metabolism
GAL3ST12,Sphingolipid metabolism
GALC,Sphingolipid metabolism
GALGT1,Sphingolipid metabolism
GALGT4,Sphingolipid metabolism
GAO1,Sphingolipid metabolism
GAO2,Sphingolipid metabolism
GAO2g,Sphingolipid metabolism
GBAl,Sphingolipid metabolism
NAGAly,Sphingolipid metabolism
SBPP1er,Sphingolipid metabolism
SERPT,Sphingolipid metabolism
SIAT4Bg,Sphingolipid metabolism
SIAT9g,Sphingolipid metabolism
SMPD3l,Sphingolipid metabolism
SMPD4,Sphingolipid metabolism
SPHMDAc,Sphingolipid metabolism
ST6GALNAC24,Sphingolipid metabolism
ST6GALNAC61,Sphingolipid metabolism
ST8SIA11,Sphingolipid metabolism
ST8SIA54g,Sphingolipid metabolism
ST8SIA55g,Sphingolipid metabolism
r1457,Sphingolipid metabolism
HMR_0750,Sphingolipid metabolism
HMR_0758,Sphingolipid metabolism
HMR_0761,Sphingolipid metabolism
HMR_0763,Sphingolipid metabolism
SBPP3,Sphingolipid metabolism
HMR_0795,Sphingolipid metabolism
DSREDUCr,Squalene and cholesterol synthesis
IPDDI,Squalene and cholesterol synthesis
MEVK1,Squalene and cholesterol synthesis
PMEVK,Squalene and cholesterol synthesis
DPMVD,Squalene and cholesterol synthesis
AMY2e,Starch and sucrose metabolism
GLGNS1,Starch and sucrose metabolism
GLPASE1,Starch and sucrose metabolism
GLPASE2,Starch and sucrose metabolism
MALTe,Starch and sucrose metabolism
MALTly,Starch and sucrose metabolism
O16G1e,Starch and sucrose metabolism
O16G2e,Starch and sucrose metabolism
UDPGD,Starch and sucrose metabolism
UDPGP,Starch and sucrose metabolism
RE0915C,Starch and sucrose metabolism
RE0958C,Starch and sucrose metabolism
MALT,Starch and sucrose metabolism
HMR_8570,Starch and sucrose metabolism
HMR_8577,Starch and sucrose metabolism
HMR_8579,Starch and sucrose metabolism
HMR_8580,Starch and sucrose metabolism
AMY1e,Starch and sucrose metabolism
HMR_8571,Starch and sucrose metabolism
HMR_8572,Starch and sucrose metabolism
HMR_8573,Starch and sucrose metabolism
HMR_8574,Starch and sucrose metabolism
HMR_8575,Starch and sucrose metabolism
HMR_8576,Starch and sucrose metabolism
HMR_8578,Starch and sucrose metabolism
HMR_8582,Starch and sucrose metabolism
HMR_8585,Starch and sucrose metabolism
GAMYe,Starch and sucrose metabolism
GGNG,Starch and sucrose metabolism
GLBRAN,Starch and sucrose metabolism
GLDBRAN,Starch and sucrose metabolism
MLTG1,Starch and sucrose metabolism
MLTG1e,Starch and sucrose metabolism
MLTG1ly,Starch and sucrose metabolism
TREH,Starch and sucrose metabolism
TREHe,Starch and sucrose metabolism
r0093,Starch and sucrose metabolism
RE0915E,Starch and sucrose metabolism
RE0926E,Starch and sucrose metabolism
RE0935E,Starch and sucrose metabolism
RE0944E,Starch and sucrose metabolism
RE0958E,Starch and sucrose metabolism
5ADTSTSTERONESULT,Steroid metabolism
DHEASULT,Steroid metabolism
HSD17B7r,Steroid metabolism
HSD17B8r,Steroid metabolism
HSD17B9r,Steroid metabolism
HSD3A1r,Steroid metabolism
HSD3B11,Steroid metabolism
HSD3B12r,Steroid metabolism
HSD3B13,Steroid metabolism
HSD3B3r,Steroid metabolism
P45011B21m,Steroid metabolism
P45017A2r,Steroid metabolism
P45017A3r,Steroid metabolism
P45017A4r,Steroid metabolism
P45019A1r,Steroid metabolism
P45021A1r,Steroid metabolism
PRGNLONESULT,Steroid metabolism
SR5AR2r,Steroid metabolism
SR5ARr,Steroid metabolism
STS1,Steroid metabolism
STS2,Steroid metabolism
STS2r,Steroid metabolism
TSTSTERONESULT,Steroid metabolism
UGT1A10r_1,Steroid metabolism
UGT1A1r,Steroid metabolism
UGT1A2r,Steroid metabolism
UGT1A4r,Steroid metabolism
UGT1A6r,Steroid metabolism
UGT1A8r,Steroid metabolism
UGT1A9r,Steroid metabolism
STS3,Steroid metabolism
STS3r,Steroid metabolism
RE1134C,Steroid metabolism
STS4,Steroid metabolism
HSD17B3r,Steroid metabolism
AND19ONEc,Steroid metabolism
21HPRGNLONE,Steroid metabolism
ESTR2r,Steroid metabolism
HMR_1927,Steroid metabolism
HMR_1929,Steroid metabolism
HMR_1940,Steroid metabolism
HMR_1949,Steroid metabolism
HMR_1996,Steroid metabolism
HMR_2010,Steroid metabolism
HMR_1980,Steroid metabolism
HMR_1981,Steroid metabolism
HMR_2041,Steroid metabolism
HMR_1644,Steroid metabolism
AKR1C1,Steroid metabolism
CHSTEROLSULT,Steroid metabolism
ESTSULT,Steroid metabolism
RE2766C,Steroid metabolism
ESTRr,Steroid metabolism
HMR_1928,Steroid metabolism
HMR_1941,Steroid metabolism
HMR_1948,Steroid metabolism
HMR_1979,Steroid metabolism
HMR_1988,Steroid metabolism
HMR_1989,Steroid metabolism
HMR_1990,Steroid metabolism
HMR_1991,Steroid metabolism
HMR_1651,Steroid metabolism
HMR_1992,Steroid metabolism
HMR_1993,Steroid metabolism
HMR_2002,Steroid metabolism
HMR_2007,Steroid metabolism
HMR_2011,Steroid metabolism
HSD11B1r,Steroid metabolism
HSD11B2r,Steroid metabolism
HSD17B1,Steroid metabolism
HSD17B2r,Steroid metabolism
HSD3A2r,Steroid metabolism
HSD3B11r,Steroid metabolism
HSD3B13r,Steroid metabolism
HSD3B2r,Steroid metabolism
P45011A1m,Steroid metabolism
P45011B11m,Steroid metabolism
P45011B12m,Steroid metabolism
P45017A1r,Steroid metabolism
P45019A2r,Steroid metabolism
P4501B1r,Steroid metabolism
P45021A2r,Steroid metabolism
P4503A43r,Steroid metabolism
P4503A7r,Steroid metabolism
STS1r,Steroid metabolism
UGT1A3r,Steroid metabolism
UGT1A7r,Steroid metabolism
RE1096C,Steroid metabolism
RE1099C,Steroid metabolism
STS4r,Steroid metabolism
3SALAOX,Taurine and hypotaurine metabolism
CYSO,Taurine and hypotaurine metabolism
HYPTROX_cho,Taurine and hypotaurine metabolism
LCYSTCBOXL,Taurine and hypotaurine metabolism
r0381,Taurine and hypotaurine metabolism
3SALACBOXL_cho,Taurine and hypotaurine metabolism
TAURtcx,Taurine and hypotaurine metabolism
CYSAMO_cho,Taurine and hypotaurine metabolism
SPR,Tetrahydrobiopterin metabolism
PHETHPTOX,Tetrahydrobiopterin metabolism
r0402,Tetrahydrobiopterin metabolism
r0403,Tetrahydrobiopterin metabolism
RE1709C,Tetrahydrobiopterin metabolism
RE2660C,Tetrahydrobiopterin metabolism
RE2660N,Tetrahydrobiopterin metabolism
DHPR,Tetrahydrobiopterin metabolism
r0398,Tetrahydrobiopterin metabolism
DHPR2,Tetrahydrobiopterin metabolism
RE1709N,Tetrahydrobiopterin metabolism
GTPCI,Tetrahydrobiopterin metabolism
PTHPS,Tetrahydrobiopterin metabolism
THBPT4ACAMDASE,Tetrahydrobiopterin metabolism
r0673,Tetrahydrobiopterin metabolism
RE0830C,Tetrahydrobiopterin metabolism
RE0830N,Tetrahydrobiopterin metabolism
HMR_4816,Tetrahydrobiopterin metabolism
TDPm,Thiamine metabolism
THMTP,Thiamine metabolism
TMDPK,Thiamine metabolism
TDP,Thiamine metabolism
THMP,Thiamine metabolism
TMDPPK,Thiamine metabolism
11DOCRTSLtr,Transport
5ADTSTSTERONEGLCtr,Transport
7DHCHSTEROLtr,Transport
ACALDtr,Transport
ACCOAtr,Transport
AMETr,Transport
ANDRSTRNGLCtr,Transport
ANDRSTRNtr,Transport
ATP1ter,Transport
BZtr,Transport
CERT1rt,Transport
CERT2rt,Transport
CHOLtr,Transport
CRTSLtr,Transport
DAG_HSter,Transport
DHEAtr,Transport
EBASTINEOHtr,Transport
ESTRADIOLGLCtr,Transport
ESTRIOLtr,Transport
ESTRONEtr,Transport
FADH2tru,Transport
FADtru,Transport
FORtr,Transport
GACPAILter,Transport
GLCter,Transport
GULLACter,Transport
GULNter,Transport
H2Oter,Transport
HESTRATRIOLtr,Transport
LEUKTRA4tr,Transport
LEUKTRB4tr,Transport
NADHtru,Transport
NADPHtru,Transport
NADPtru,Transport
NADtru,Transport
O2ter,Transport
PA_HSter,Transport
PCHOL_HSter,Transport
PIter,Transport
PPItr,Transport
PRGNLONEtr,Transport
RETNGLCt2r,Transport
RETNGLCtr,Transport
RETNtr2,Transport
SPH1Pter,Transport
SPHINGStr,Transport
TSTSTERONEGLCtr,Transport
TSTSTERONEtr,Transport
TXA2tr,Transport
UDPGLCter,Transport
UDPXYLter,Transport
UMPtr,Transport
XOLDIOLONEt,Transport
XOLTRI25tc,Transport
r0840,Transport
r0841,Transport
r0842,Transport
r0845,Transport
r0908,Transport
r0909,Transport
r0936,Transport
r0960,Transport
r0983,Transport
r0989,Transport
r0994,Transport
r1002,Transport
r1013,Transport
r1051,Transport
G6Pt6er,Transport
r2505,Transport
r2506,Transport
r2509,Transport
r2510,Transport
r2512,Transport
r2514,Transport
r2515,Transport
r2519,Transport
r2538,Transport
HPETFABP1tc,Transport
FRDPtcr,Transport
CHSTEROLtrc,Transport
C03990tr,Transport
AHANDROSTANtr,Transport
ANDRSTANDRtr,Transport
HC02020tr,Transport
DSMSTEROLtr,Transport
CE7081tr,Transport
12HARACHDtr,Transport
COKEtr,Transport
LANOSTtr,Transport
NH4tr,Transport
HMR_0020,Transport
UDPGALt2r,Transport
PHCRMter,Transport
PHSPHINGStr,Transport
Rtotalter,Transport
HMR_0966,Transport
HMR_1306,Transport
HMR_1311,Transport
HMR_1331,Transport
HMR_1392,Transport
HMR_1631,Transport
HMR_0771,Transport
HMR_2569,Transport
HMR_2819,Transport
HMR_2827,Transport
HMR_2851,Transport
HMR_2859,Transport
HMR_2861,Transport
HMR_2865,Transport
HMR_2884,Transport
HMR_2886,Transport
HMR_2888,Transport
HMR_6385,Transport
HMR_7257,Transport
HMR_6629,Transport
HMR_7944,Transport
HMR_9625,Transport
HMR_9626,Transport
HMR_9628,Transport
HMR_9631,Transport
11DOCRTSTRNtr,Transport
5ADTSTSTERONEtr,Transport
6HTSTSTERONEtr,Transport
AHANDROSTANGLCtr,Transport
AHCYStr,Transport
ARACHDtr,Transport
ATP2ter,Transport
BILGLCURtr,Transport
BILDGLCURtr,Transport
BILIRUBtr,Transport
CBPter,Transport
CO2ter,Transport
COAtr,Transport
EBASTINEtr,Transport
ESTRADIOLtr,Transport
ESTRIOLGLCtr,Transport
ESTRONEGLCtr,Transport
r2507,Transport
r2508,Transport
r2511,Transport
r2513,Transport
r2521,Transport
r2537,Transport
OCDEAFABP1tc,Transport
PEHSFABPe,Transport
PMTCOAFABP1tc_1,Transport
WHARACHDtr,Transport
CORTSNti,Transport
PROSTGE2t2r,Transport
LTHSTRLtr,Transport
EGMEtr,Transport
18HARACHDtr,Transport
SQLter,Transport
EANDRSTRNtr,Transport
XOL24OHtr,Transport
XOL25OHtr,Transport
WHTSTSTERONEtr,Transport
DHCRMter,Transport
GALSIDEter,Transport
HMR_0467,Transport
HMR_1316,Transport
HMR_7947,Transport
HMR_7949,Transport
HMR_3953,Transport
HMR_9177,Transport
HMR_9627,Transport
HMR_9629,Transport
HMR_9630,Transport
HMR_9634,Transport
G6Pter,Transport
GLACter,Transport
GLCURter,Transport
GLUtr,Transport
GTHRDtr,Transport
HDCAter,Transport
Htr,Transport
LEUKTRD4tr,Transport
PE_HSter,Transport
PROSTGI2tr,Transport
RETNGLCt2,Transport
RETNtr,Transport
SPHGNtr,Transport
SPHS1Ptr,Transport
UDPGLCAter,Transport
XOL7AONEtr,Transport
XOLTRI24tc,Transport
XOLTRI27tc,Transport
r0002,Transport
r0826,Transport
r0886,Transport
r0931,Transport
r0968,Transport
r0970,Transport
r0995,Transport
r0998,Transport
r1000,Transport
r1011,Transport
r1018,Transport
r1024,Transport
r1159,Transport
r1303,Transport
r1318,Transport
HMR_2817,Transport
HMR_2821,Transport
HMR_2852,Transport
HMR_2857,Transport
HMR_2862,Transport
HMR_2866,Transport
HMR_2890,Transport
HMR_9716,Transport
25HVITD3t,Transport
24NPHte,Transport
24_25DHVITD2t,Transport
24_25DHVITD3t,Transport
2MCITt,Transport
34DHPHEt,Transport
4HDEBRISOQUINEte,Transport
4MPTNLte,Transport
4PYRDX,Transport
5ADTSTSTERONEte,Transport
5FTHFt2_1,Transport
ABTt,Transport
ACETONEt2,Transport
ACGALFUCGALACGALFUCGALACGLCGAL14ACGLCGALGLUSIDEte,Transport
ACHVESSEC_1,Transport
ACNGALACGLCGAL14ACGLCGALGLUSIDEte,Transport
ACt2r,Transport
ADEt,Transport
ADNt4,Transport
ADPRIBt,Transport
AHANDROSTANGLCte,Transport
AKGt4_3,Transport
ALAGLYexR,Transport
ALASERNaEx,Transport
ALATHRNaEx,Transport
ALDSTRNte,Transport
ANDRSTRNGLCte,Transport
ANTIPYRENEte,Transport
ARAB_Lt,Transport
ARACHDt2,Transport
ARACHt,Transport
ARGLYSex,Transport
ARGt4,Transport
ASCBt,Transport
ASNCYSNaEx,Transport
ASNGLNNaEx,Transport
ASNt4,Transport
ASPt6,Transport
BILGLCURte,Transport
AVITE2t,Transport
BALAVECSEC_1,Transport
BILDGLCURt,Transport
BTNt3i_1,Transport
BVITEt,Transport
CAATPS_1,Transport
CAROtr,Transport
CAt7r,Transport
CLHCO3tex2,Transport
CLOXAtex2,Transport
CLPNDt,Transport
CREATt4_2_r,Transport
CRMPte,Transport
CRNt,Transport
CRNtHa,Transport
CRNtuNa,Transport
CRTSLt,Transport
CRVNCtr,Transport
CSPG_Ct,Transport
CSPG_Dt,Transport
CYANt,Transport
CYSALANaEx,Transport
CYSASNNaEx,Transport
CYSGLYex,Transport
CYSSERNaEx,Transport
CYStec,Transport
CYSTGLUex,Transport
CYTDt,Transport
DCSPTN1t,Transport
DCYTt,Transport
DGCHOLte,Transport
DGSNt,Transport
DHEASt,Transport
D_LACt2,Transport
DMANTIPYRINEte,Transport
DMHPTCRNte,Transport
DOPAt4_2_r,Transport
DOPAtu,Transport
DOPAVESSEC_1,Transport
DURIt,Transport
EBASTINEte,Transport
ESTRADIOLt,Transport
ESTRIOLGLCte,Transport
ESTRONEGLCt,Transport
ESTRONESt,Transport
ESTRONESt2,Transport
GCHOLAte,Transport
FATP1t,Transport
FATP2t,Transport
FATP3t,Transport
FATP7t,Transport
FATP8t,Transport
FE2t,Transport
FRUt1r,Transport
FUC14GALACGLCGALGLUSIDEte,Transport
FUCACGALFUCGALACGLCGALGLUSIDEte,Transport
FUCACNGAL14ACGLCGALGLUSIDEte,Transport
FUCACNGALACGLCGALGLUSIDEte,Transport
FUCFUC132GALACGLCGAL14ACGLCGALGLUSIDEte,Transport
FUCFUCFUCGALACGLC13GALACGLCGAL14ACGLCGALGLUSIDEte,Transport
FUCFUCFUCGALACGLCGAL14ACGLCGALGLUSIDEte,Transport
FUCGALGBSIDEte,Transport
GABAVESSEC_1,Transport
GALACGLCGALGBSIDEte,Transport
GALGALFUCFUCGALACGLCGALACGLCGAL14ACGLCGALGLUSIDEte,Transport
GALt1r,Transport
GBSIDEte,Transport
GCHOLAt2,Transport
GD1B2te,Transport
GD1Cte,Transport
GLNALANaEx,Transport
GLNASNNaEx,Transport
GLNCYSNaEx,Transport
GLUt6,Transport
GLYBt4_2_r,Transport
GLYC_St,Transport
GLYt4,Transport
GLYt7_211_r,Transport
GLYVESSEC_1,Transport
GQ1BALPHAte,Transport
GT1Ate,Transport
H2O2t,Transport
HCO3_CLt,Transport
HCOUMARINte,Transport
HDCAt,Transport
HESTRATRIOLte,Transport
HEXCt,Transport
HISt4,Transport
HISTAVESSEC_1,Transport
HOMt4,Transport
HPACtr,Transport
HSPGt,Transport
HTAXOLte,Transport
ILEt4,Transport
INSt,Transport
INSTt2,Transport
INSTt4,Transport
KCC2t,Transport
KCCt,Transport
KSII_CORE4t,Transport
LCTStg,Transport
LEUKTRB4t,Transport
LEUKTRC4t,Transport
LEUKTRD4t,Transport
LEUKTRE4t,Transport
LEUKTRF4t,Transport
LIMNENte,Transport
LIPOti_1,Transport
LNLCt,Transport
LNLNCAt,Transport
LNLNCGt,Transport
LYSt4,Transport
MALTt1r,Transport
MANt1r,Transport
MEOHt2,Transport
METtec,Transport
NACt,Transport
NAIt,Transport
NCCt,Transport
NIFEDIPINEte,Transport
NKCC2t,Transport
OMEPRAZOLEte,Transport
ORNt,Transport
PEFLIP,Transport
PERILLYLte,Transport
PGLYCt,Transport
PHEACGLNt,Transport
PHEt4,Transport
PHYQt,Transport
PHYTt,Transport
PROSTGE1t,Transport
PROSTGE2t,Transport
PRGSTRNt,Transport
PROSTGE2t2,Transport
PROSTGE2t3,Transport
PROSTGI2t,Transport
PROt4,Transport
PSFLIP,Transport
RETFAt,Transport
RETFAt1,Transport
RIBt,Transport
RIBt2,Transport
SERASNNaEx,Transport
SERGLYexR,Transport
SERLYSNaex,Transport
SERTHRNaEx,Transport
SERtN1,Transport
SO4t4_2,Transport
SRTNt6_2_r,Transport
SRTNtu,Transport
STRDNCt,Transport
TAGAT_Dt,Transport
TAURt4_2_r,Transport
TAXOLte,Transport
TCHOLAt,Transport
TETHEX3t,Transport
THMDt4,Transport
THMMPt4_1,Transport
THMTPt_1,Transport
THRCYSNaEx,Transport
THRGLNNaEx,Transport
THRGLYexR,Transport
THRSERNaEx,Transport
THYOXt,Transport
TMNDNCt,Transport
TRIODTHYSUFt,Transport
TRPt4,Transport
TSTSTERONEGLCte,Transport
TSTSTERONESte,Transport
TSTSTERONEt,Transport
TSULt4_3,Transport
TTDCAtr,Transport
URATEt,Transport
UREAt5,Transport
URIt,Transport
VITD3t,Transport
WHTTDCAte,Transport
XOLESTte,Transport
XOLTRI24te,Transport
XOLTRI25te,Transport
XYLTt,Transport
YVITEt,Transport
r0839,Transport
r0870,Transport
r0892,Transport
r0899,Transport
r0924,Transport
r0940,Transport
r0942,Transport
SPMDtex2,Transport
r1017,Transport
r1028,Transport
r1029,Transport
r1043,Transport
r1044,Transport
r1045,Transport
CITt2r,Transport
CITt4_1,Transport
r1143,Transport
GLUt4,Transport
r1162,Transport
r1163,Transport
r1421,Transport
PIt,Transport
GTHRDt2,Transport
r1495,Transport
r1497,Transport
r1498,Transport
r1499,Transport
r1502,Transport
r1503,Transport
r1515,Transport
r1518,Transport
r1519,Transport
r1520,Transport
r1525,Transport
r1530,Transport
r1531_1,Transport
r1533_1,Transport
r1536,Transport
r1540,Transport
r1547,Transport
r1548,Transport
r1549,Transport
r1552,Transport
r1553,Transport
r1554,Transport
r1556,Transport
r1557,Transport
r1560,Transport
r1561,Transport
r1562,Transport
r1564,Transport
r1565,Transport
r1567,Transport
r1568,Transport
r1571,Transport
r1578,Transport
r1579,Transport
r1581,Transport
r1584,Transport
r1585,Transport
r1586,Transport
r1587,Transport
r1588,Transport
r1589,Transport
r1590,Transport
r1591,Transport
r1593,Transport
r1594,Transport
r1595,Transport
r1597,Transport
r1603,Transport
r1604,Transport
r1610,Transport
r1611,Transport
r1612,Transport
r1613,Transport
r1615,Transport
r1616,Transport
r1617,Transport
TYRPHELAT2tc,Transport
CYSPHELAT2tc,Transport
r1621,Transport
ASNPHELAT2tc,Transport
VALPHELAT2tc,Transport
THRPHELAT2tc,Transport
ILEPHELAT2tc,Transport
r1629,Transport
r1630,Transport
r1631,Transport
r1632,Transport
r1634,Transport
r1637,Transport
r1641,Transport
r1645,Transport
ILELAT1tc,Transport
r1648,Transport
r1649,Transport
r1652,Transport
r1657,Transport
r1659,Transport
r1661,Transport
r1666,Transport
r1671,Transport
r1673,Transport
r1674,Transport
r1676,Transport
r1678,Transport
r1680,Transport
r1685,Transport
r1686,Transport
r1692,Transport
r1693,Transport
r1696,Transport
r1700,Transport
r1701,Transport
r1705,Transport
r1706,Transport
r1707,Transport
r1710,Transport
r1717,Transport
r1722,Transport
r1723,Transport
r1726,Transport
r1731,Transport
r1732,Transport
r1736,Transport
r1744,Transport
r1745,Transport
r1746,Transport
r1747,Transport
r1748,Transport
r1750,Transport
r1752,Transport
r1753,Transport
r1754,Transport
r1755,Transport
r1758,Transport
r1762,Transport
r1763,Transport
r1764,Transport
r1766,Transport
r1768,Transport
r1771,Transport
r1774,Transport
r1778,Transport
r1779,Transport
r1781,Transport
r1783,Transport
r1784,Transport
r1786,Transport
r1789,Transport
r1790,Transport
r1791,Transport
r1792,Transport
r1796,Transport
r1797,Transport
r1798,Transport
r1799,Transport
r1805,Transport
r1806,Transport
r1809,Transport
r1811,Transport
r1814,Transport
r1817,Transport
r1818,Transport
r1820,Transport
r1821,Transport
r1822,Transport
r1823,Transport
r1824,Transport
r1827,Transport
r1829,Transport
r1830,Transport
r1832,Transport
r1833,Transport
r1836,Transport
r1837,Transport
r1841,Transport
r1842,Transport
r1846,Transport
r1847,Transport
r1848,Transport
r1851,Transport
r1853,Transport
r1854,Transport
r1855,Transport
r1857,Transport
r1858,Transport
r1860,Transport
r1861,Transport
r1864,Transport
r1865,Transport
r1867,Transport
r1874,Transport
r1876,Transport
r1877,Transport
r1880,Transport
r1881,Transport
r1882,Transport
r1885,Transport
r1887,Transport
r1889,Transport
r1890,Transport
r1892,Transport
r1893,Transport
r1898,Transport
r1899,Transport
r1900,Transport
r1901,Transport
r1903,Transport
r1904,Transport
r1905,Transport
r1907,Transport
r1908,Transport
r1910,Transport
r1912,Transport
r1916,Transport
r1918,Transport
r1920,Transport
r1921,Transport
r1925,Transport
r1928,Transport
r1932,Transport
r1935,Transport
r1940,Transport
r1944,Transport
r1945,Transport
r1948,Transport
r1949,Transport
r1951,Transport
r1954,Transport
r1957,Transport
r1961,Transport
r1962,Transport
r1963,Transport
r1964,Transport
r1965,Transport
r1967,Transport
r1970,Transport
r1972,Transport
r1974,Transport
r1976,Transport
r1980,Transport
r1981,Transport
r1983,Transport
r1984,Transport
r1985,Transport
r1986,Transport
r1987,Transport
r1989,Transport
r1997,Transport
r2000,Transport
r2001,Transport
r2003,Transport
r2004,Transport
r2005,Transport
r2007,Transport
r2011,Transport
r2013,Transport
r2014,Transport
r2016,Transport
r2017,Transport
r2018,Transport
r2021,Transport
r2023,Transport
r2026,Transport
r2030,Transport
r2031,Transport
r2032,Transport
r2035,Transport
r2036,Transport
r2038,Transport
r2039,Transport
r2040,Transport
r2041,Transport
r2046,Transport
r2047,Transport
r2048,Transport
r2049,Transport
r2050,Transport
r2051,Transport
r2055,Transport
r2056,Transport
r2058,Transport
r2060,Transport
r2063,Transport
r2065,Transport
r2067,Transport
r2068,Transport
r2071,Transport
r2073_1,Transport
r2080,Transport
r2081,Transport
r2084,Transport
r2085,Transport
r2086,Transport
r2087,Transport
r2088,Transport
r2089,Transport
r2090,Transport
r2092,Transport
r2093,Transport
r2094,Transport
r2096,Transport
r2100,Transport
r2101,Transport
r2104,Transport
r2106,Transport
r2108,Transport
r2111,Transport
r2113,Transport
r2114,Transport
r2115,Transport
r2120,Transport
r2121,Transport
r2122,Transport
r2123,Transport
r2125,Transport
r2126,Transport
r2130,Transport
r2133,Transport
r2139,Transport
r2141,Transport
r2146,Transport
r2149,Transport
r2150,Transport
r2151,Transport
r2153,Transport
r2159,Transport
r2164,Transport
r2165,Transport
r2166,Transport
r2167,Transport
r2172,Transport
r2173,Transport
r2175,Transport
r2176,Transport
r2177,Transport
r2178,Transport
r2179,Transport
r2189,Transport
r2191,Transport
r2192,Transport
r2193,Transport
r2195,Transport
r2196,Transport
r2199,Transport
r2201,Transport
r2202,Transport
r2204,Transport
r2205,Transport
r2206,Transport
r2210,Transport
r2211,Transport
r2212,Transport
r2213,Transport
r2215,Transport
r2217,Transport
r2219,Transport
r2226,Transport
r2227,Transport
r2228,Transport
r2229,Transport
r2230,Transport
r2231,Transport
r2233,Transport
r2236,Transport
r2237,Transport
r2238,Transport
r2239,Transport
r2242,Transport
r2244,Transport
r2245,Transport
r2246,Transport
r2247,Transport
r2248,Transport
r2249,Transport
r2250,Transport
r2255,Transport
r2256,Transport
r2257,Transport
r2258,Transport
r2260,Transport
r2264,Transport
r2265,Transport
r2266,Transport
r2268,Transport
r2273,Transport
r2275,Transport
r2276,Transport
r2277,Transport
r2278,Transport
r2282,Transport
r2283,Transport
r2289,Transport
r2293,Transport
r2294,Transport
r2297,Transport
r2299,Transport
r2300,Transport
r2342,Transport
r2301,Transport
r2307,Transport
r2309,Transport
r2310,Transport
r2313,Transport
r2315,Transport
r2317,Transport
r2321,Transport
r2324,Transport
r2325,Transport
r2331,Transport
r2332,Transport
r2333,Transport
r2334,Transport
r2439,Transport
r2335,Transport
r2341,Transport
SERt2r,Transport
r2344,Transport
r2347,Transport
r2352,Transport
r2354,Transport
r2484,Transport
r2486,Transport
r2355,Transport
r2357,Transport
r2358,Transport
r2487,Transport
r2359,Transport
r2488,Transport
r2489,Transport
r2491,Transport
r2360,Transport
r2362,Transport
r2363,Transport
r2366,Transport
r2492,Transport
r2493,Transport
r2496,Transport
r2369,Transport
GLNt,Transport
r2532,Transport
r2534,Transport
CITt4_4,Transport
HCO3_NAt,Transport
INSTt4_2,Transport
PIt9,Transport
PROt4_2_r,Transport
34DHPHELAT1tc,Transport
4OHPROIMINOtc,Transport
ALAALACNc,Transport
ALAALAPEPT1tc,Transport
ALAyLATthc,Transport
ARGATB0tc,Transport
ASNATB0tc,Transport
BALAt2r,Transport
BTNTe,Transport
CARPEPT1tc,Transport
CYSSNAT5tc,Transport
CYSTLEUrBATtc,Transport
GALSGLT1le,Transport
GLNATB0tc,Transport
GLYPHEPEPT1tc,Transport
HISSNAT5tc,Transport
HISyLATtc,Transport
LEUATB0tc,Transport
LEUGLYPEPT1tc,Transport
LEULEULAPc,Transport
LEULEUPEPT1tc,Transport
LINOFATPtc,Transport
METATB0tc,Transport
NACHORCTL3le,Transport
OLEICFATPtc,Transport
ORNALArBATtc,Transport
ORNLEUrBATtc,Transport
PHEATB0tc,Transport
PHEyLATthc,Transport
PROIMINOtc,Transport
THMATPe,Transport
TRPATB0tc,Transport
TYRATB0tc,Transport
VALATB0tc,Transport
VITEtl,Transport
3HCO3_NAt,Transport
4HPROLTASCT1,Transport
ADNt5,Transport
FE2DMT1,Transport
FOLt2,Transport
ALA_DTDe,Transport
ASPDTDe,Transport
ASPPROASCT1,Transport
BTNt3i,Transport
GSNt5,Transport
CYTDt5,Transport
Coqe,Transport
Kt3r,Transport
SPRMti,Transport
TAURt,Transport
URIt5,Transport
34HPPte,Transport
3MOBte,Transport
3MOPt,Transport
4HPRO_LTte,Transport
5MTAte,Transport
5OXPROt,Transport
AICARte,Transport
ANTHte,Transport
OCDCAFATPc,Transport
CBASPte,Transport
PHEMEt,Transport
PNTEHe,Transport
PRO_Dtde,Transport
PTPATe,Transport
Q10H2e,Transport
RTOTAL2FATPc,Transport
RTOTALFATPc,Transport
MALt,Transport
SFCYSe,Transport
IDOURte,Transport
5HOXINDOAtr,Transport
TCHOLABCtc,Transport
TYRB0AT3tc,Transport
VALB0AT3tc,Transport
CGMPt,Transport
PEPtr,Transport
GUDACtr,Transport
GUDACtr2,Transport
LKYNRtr,Transport
CALAtr,Transport
KYNATEtr2,Transport
3ANTHRNtr,Transport
GALt4,Transport
GLCt4,Transport
HKYNRtr,Transport
DMGLYtr,Transport
ETHAMPtr,Transport
MANt4,Transport
TCHOLAt3,Transport
TRPt,Transport
FUMtr,Transport
G3PCt,Transport
GLCURtr,Transport
Kt1,Transport
XANt,Transport
RETt,Transport
ALAPAT4te,Transport
AVITE1t,Transport
L_LACt4r,Transport
GLYCLm,Transport
ARGSUCte,Transport
3PGtr,Transport
GLYC3tr,Transport
ACRNte,Transport
PCRNte,Transport
ARACHDFATPtc,Transport
STCRNte,Transport
BUTSMCT1,Transport
Clt,Transport
PCREATte,Transport
BGLYte,Transport
CRNATBtc,Transport
DHEASABCCte,Transport
DOPAENT4tc,Transport
ESTRAABCtc,Transport
BILIVERDt,Transport
ESTRSABCtc,Transport
C02356t,Transport
C02712te,Transport
FOLABCCte,Transport
FOLOAT2tc,Transport
C04483t2,Transport
C04717ATP,Transport
ELAIDCRNte,Transport
GLYC2P3Pc,Transport
LNLCCRNNAt,Transport
PHLACHt,Transport
C04805td,Transport
C05463t1,Transport
C05463t2,Transport
C05953t,Transport
C06314t,Transport
C06439t,Transport
12HPETATP,Transport
15HPETATP,Transport
C11695td,Transport
21HPRGNLONEt1,Transport
C14768td,Transport
2OXOADPt,Transport
GABABGTtc,Transport
3HPPNOHGLUCte,Transport
GLUB0AT3tc,Transport
3HPPt,Transport
3MHISt1,Transport
3MHISt2,Transport
3MOXTYRt,Transport
3UIBtd,Transport
56DTHMt,Transport
C14770ATP,Transport
C14826ATP,Transport
CE0328t,Transport
56DURAtd,Transport
7DHCHSTEROLtd,Transport
CE1243ATP,Transport
GLYB0AT3tc,Transport
CE1556td,Transport
CE2028t,Transport
ACGLUtd,Transport
ACGLYte,Transport
ACORNt,Transport
NRVNCt,Transport
CE4843td,Transport
CE6247t,Transport
H2OGLYAQPt,Transport
CE7083t,Transport
ACTHRte,Transport
AND19ONEt,Transport
CE7172ATP,Transport
ILEB0AT3tc,Transport
LEUB0AT3tc,Transport
DODECANACt,Transport
DODECANACtd,Transport
ELAIDCRNtd,Transport
LGNCFATPtc,Transport
METB0AT3tc,Transport
NACSMCTte,Transport
PGLYCABCte,Transport
PHEMEABCte,Transport
GALTt,Transport
PPASMCT1,Transport
GLYC2Pte,Transport
GLYCLTt,Transport
HC00319t2,Transport
HC00900t1,Transport
HC00900t2,Transport
HC00900t3,Transport
PROPAT4te,Transport
HC00900t4,Transport
FORGLUt,Transport
HEXDIACATP,Transport
PYRSMCT1,Transport
HGENTISt,Transport
HMCRNt,Transport
RETABCtc,Transport
LCYSTt,Transport
LEUKTRB4WCOOHt,Transport
LEUKTRB4WOHt,Transport
PHACGLYt,Transport
ESTRIOLATP,Transport
r1528,Transport
LEUKTRB4WOHtr,Transport
LNLCCRNtd,Transport
LPIPECOLt,Transport
SERB0AT3tc,Transport
LTHSTRLABCt,Transport
NWHARGtd,Transport
TTDCEAt,Transport
SRTNENT4tc,Transport
PSERtr,Transport
TETDECA511ACt,Transport
TXB2t,Transport
HC02220te,Transport
PHEACGLYsec,Transport
ACHOMte,Transport
PCRESOLup,Transport
NORMETEt,Transport
C05300t,Transport
RETINALt,Transport
MALTTTRt,Transport
1MNCAMt,Transport
ALAGLYLYSt,Transport
ALALYSTHRt,Transport
ARGALAALAt,Transport
ARGALAPHEt,Transport
ARGALATHRt,Transport
ARGARGt,Transport
ARGARGLYSt,Transport
ARGARGMETt,Transport
ARGCYSSERt,Transport
ARGGLUPROt,Transport
ARGHISTHRt,Transport
ARGPROMETt,Transport
ARGPROTHRt,Transport
GLNPROGLUt,Transport
GLNTRPGLUt,Transport
GLNTYRLEUt,Transport
GLUARGLEUt,Transport
GLUASNLEUt,Transport
GLUGLUt,Transport
GLUILELYSt,Transport
GLUMETt,Transport
GLUMETHISt,Transport
ASNASNARGt,Transport
ASPALAARGt,Transport
ASPASNGLUt,Transport
ASPGLUPROt,Transport
ASPGLUTRPt,Transport
ASPHISCYSt,Transport
ASPHISPROt,Transport
ASPLYSGLUt,Transport
ASPLYSHISt,Transport
GLUTHRLYSt,Transport
GLYVALHISt,Transport
HISASPt,Transport
HISGLNALAt,Transport
HISGLYLYSt,Transport
HISLYSALAt,Transport
HISLYSILEt,Transport
ASPMETASPt,Transport
ASPPROLYSt,Transport
ASPVALASNt,Transport
CYSASNMETt,Transport
HISLYSVALt,Transport
HISMETt,Transport
CYSASPPHEt,Transport
CYSGLUHISt,Transport
CYSGLUTRPt,Transport
CYSLEUTHRt,Transport
CYSSERMETt,Transport
ILEASNHISt,Transport
ILEGLYARGt,Transport
ILEPROLYSt,Transport
ILESERARGt,Transport
LEUASNASPt,Transport
LEUASPLYSt,Transport
LEUPROt,Transport
GLNHISLYSt,Transport
LEUPROARGt,Transport
LEUTRPt,Transport
LEUTRPARGt,Transport
LEUVALt,Transport
LYSARGLEUt,Transport
SERTRPHISt,Transport
LYSGLNPHEt,Transport
LYSGLUGLUt,Transport
LYSLYSLYSt,Transport
LYSTYRILEt,Transport
THRHISHISt,Transport
THRILEARGt,Transport
THRPHEARGt,Transport
LYSVALPHEt,Transport
METARGLEUt,Transport
METGLNTYRt,Transport
THRSERARGt,Transport
THRTYRMETt,Transport
TRPARGALAt,Transport
METGLYARGt,Transport
TRPASPASPt,Transport
TRPGLNGLNt,Transport
TRPGLUGLYt,Transport
TRPGLULEUt,Transport
TRPGLUTYRt,Transport
METTRPPHEt,Transport
PHEASNMETt,Transport
PHEASPt,Transport
PHELEUt,Transport
PHELEUASPt,Transport
PHELEUHISt,Transport
TRPGLYPHEt,Transport
TRPGLYVALt,Transport
TRPILETRPt,Transport
PHELYSALAt,Transport
PHELYSPROt,Transport
PHEPHEASNt,Transport
PHEPHETHRt,Transport
TRPLEUVALt,Transport
TRPMETARGt,Transport
TRPPHEt,Transport
TRPPROLEUt,Transport
TRPSERTYRt,Transport
PHETHRLYSt,Transport
PHETYRGLNt,Transport
PROARGASPt,Transport
PROASNCYSt,Transport
TRPTHRILEt,Transport
TRPTHRTYRt,Transport
TRPTYRGLNt,Transport
PROGLNPROt,Transport
PROHISt,Transport
PROHISTYRt,Transport
PROLEUARGt,Transport
PROLYSPROt,Transport
TRPVALASPt,Transport
TYRALAt,Transport
TYRASPARGt,Transport
TYRGLUt,Transport
TYRLEUARGt,Transport
TYRPHETYRt,Transport
PROPROPROt,Transport
PROTRPTHRt,Transport
SERARGTRPt,Transport
TYRVALMETt,Transport
SERLYSHISt,Transport
VALARGGLYt,Transport
VALHISASNt,Transport
VALLYSTYRt,Transport
VALPROTRPt,Transport
VALTRPPHEt,Transport
VALVALt,Transport
XOLEST226_HSte,Transport
PCHOLN281_HSte,Transport
ACRNtr,Transport
ODECRNtr,Transport
PMTCRNtr,Transport
HXAt3,Transport
CE2512te,Transport
HOMOVALte,Transport
XOLEST182_HSte,Transport
XOLEST205_HSte,Transport
5AOPt2,Transport
ACNAMt2,Transport
CORE5t,Transport
CORE8t,Transport
ARGt5r,Transport
CA2t,Transport
MK7t,Transport
MK9t,Transport
STN_ANTIGENt,Transport
ETHAt,Transport
r2444,Transport
LPAMt,Transport
HCYSte,Transport
SPRMt2i,Transport
THMMPtrbc,Transport
THMtrbc,Transport
ACNAMtr,Transport
CE2934t,Transport
BUTt2r,Transport
CYTDt2,Transport
GLYLEUHYDROc,Transport
GLYLEUPEPT1tc,Transport
GLYPROPRO1c,Transport
H2Ot,Transport
DXTRNt,Transport
O2t,Transport
UREAt,Transport
DHCHOLESTANATEATP,Transport
PIt2r,Transport
DHCHOLESTANATEt,Transport
PROt2r,Transport
THCHOLSTOICATP,Transport
GLYt2r,Transport
THMDt2,Transport
NH4t,Transport
XOL7AONEATP,Transport
7KILTCHOLATP,Transport
ADNt2,Transport
XYLt,Transport
ARGORNt7,Transport
PYDXNtr,Transport
PYDAMtr,Transport
PYRt2,Transport
ABUTt2r,Transport
ETOHt,Transport
MVLACte,Transport
TIGGLYte,Transport
3OHGLUTACOAT3t,Transport
THMt3,Transport
3HIVActe,Transport
3HADPACte,Transport
PAFABCt,Transport
PAILR_HSSECt,Transport
PCHLN225_HSABCt,Transport
PCHOL2LINL_HSABCt,Transport
PCHOL2OLE_HSABCt,Transport
PCHOL2STE_HSABCt,Transport
PCHOLDOC_HSABCt,Transport
PCHOLEIC_HSABCt,Transport
PCHOLET_HSABCt,Transport
5OHHEXAte,Transport
PCHOLLINL_HSABCt,Transport
PCHOLN183_HSABCt,Transport
HEXGLYte,Transport
PCHOLN203_HSABCt,Transport
PCHOLN224_HSABCt,Transport
PCHOLN225_HSABCt,Transport
PCHOLN2254_HSABCt,Transport
PCHOLOLE_HSABCt,Transport
PCHOLPALME_HSABCt,Transport
PE14_HSABCt,Transport
12HPETUPKt,Transport
15HPETUPKt,Transport
AK2LGCHOLABCt,Transport
APRGSTRNABCt,Transport
C14770UPKt,Transport
PE161_HSABCt,Transport
PE17_HSABCt,Transport
PE203_HSABCt,Transport
PE2LINL_HSABCt,Transport
CE2510ABCt,Transport
PEAR_HSABCt,Transport
PELINL_HSABCt,Transport
PEPALM_HSASBCt,Transport
SPHMYLN181161_hs_ATPt,Transport
SPHMYLN18117_hs_ATPt,Transport
SPHMYLN18120_hs_ATPt,Transport
SPHMYLN18121_hs_ATPt,Transport
2HYDOGOAT3t,Transport
2HYDOGte,Transport
PESTE_HSABCt,Transport
SPHMYLN_HsSECt,Transport
SPHMYLN180241_hs_SECt,Transport
SPHMYLN18117_hs_SECt,Transport
SPHMYLN18118_hs_SECt,Transport
SPHMYLN18120_hs_SECt,Transport
SPHMYLN18123_hs_SECt,Transport
GLUTAROAT3t,Transport
GLUTARte,Transport
SPHMYLN1824_hs_SECt,Transport
HEXDTRte,Transport
CE4968te,Transport
EIC21114TRte,Transport
AK2LGCHOLt,Transport
DIGALSGALSIDEATPte,Transport
PCHOLET_HSt1e,Transport
PCHOLHEP_HSt1e,Transport
PCHOLLINL_HSt1e,Transport
PCHOLN15_HSt1e,Transport
PCHOLN183_HSt1e,Transport
PCHOLN1836_HSt1e,Transport
PCHOLN201_HSt1e,Transport
PCHOLN225_HSt1e,Transport
5EIPENCte,Transport
T4HCINNMte,Transport
AGRMte,Transport
EANDRSTRNte,Transport
AHANDROSTANte,Transport
PCHLN225_HSt1e,Transport
PCHOLSTE_HSt1e,Transport
SUCACETOte,Transport
PE12_HSt1e,Transport
PE14_HSt1e,Transport
PE15_HSt1e,Transport
C05301te,Transport
11DOCRTSLte,Transport
CE2211te,Transport
17AHPRGSTRNte,Transport
PE161_HSt1e,Transport
PE226_HSt1e,Transport
C03681te,Transport
PEAR_HSt1e,Transport
CE1352te,Transport
PELPALM_HSt1e,Transport
PESTE_HSt1e,Transport
SPHMYLN_HsATPte,Transport
SPHMYLN180241_hs_ATPt,Transport
C05769te,Transport
SAMHISTAe,Transport
GLCRt1,Transport
2HYOXPLCte,Transport
MHISTAte,Transport
SPHMYLN18114_hs_ATPt,Transport
SPHMYLN18115_hs_ATPt,Transport
SPHMYLN18116_hs_ATPt,Transport
VANILLACte,Transport
2OBUTt,Transport
PPP9ABCte,Transport
MLTHFte,Transport
TYMte2,Transport
CE4890te,Transport
CE7085te,Transport
CE4877te,Transport
C05770te,Transport
SPHS1Pt2e,Transport
DHEAte,Transport
C05298te,Transport
PTRCARGte,Transport
MLTHFte2,Transport
13DAMPPte,Transport
ARGN1ASPMDte,Transport
34DHPHAte,Transport
34DHOXMANDte,Transport
CE6205te,Transport
1A25DHVITD3te,Transport
ISOBUTte,Transport
NACCYSte,Transport
XOL24OHte,Transport
XOL25OHte,Transport
DSMSTEROLte,Transport
SUCSALte,Transport
CE7081tm,Transport
12HARACHDte,Transport
18HARACHDte,Transport
SQLte,Transport
HC00460te,Transport
ORN_Dte,Transport
5G2OXPTte,Transport
6HOXMELATNte,Transport
GLUCYSte,Transport
2H3MVte,Transport
MELATNte,Transport
C05767te,Transport
2HIVte,Transport
PPBNGte,Transport
12PPDRte,Transport
AMETAMte,Transport
DOPA4GLCURt,Transport
DOPA3GLCURt,Transport
XYLUDte,Transport
GLCNte,Transport
SPHGNSte,Transport
4GLU56DIHDINDt,Transport
IM4ACte,Transport
5CYSDOPAt,Transport
CE5025t,Transport
AACTte,Transport
CE5629t,Transport
SPHGNte,Transport
SELMETHt2e,Transport
CE2047te,Transport
LANOSTt,Transport
FDPte,Transport
GALGLUSIDEtl2,Transport
GD3tl,Transport
GLUSIDEtg,Transport
GM1tg,Transport
GM1tl,Transport
GM2tg,Transport
5A2OPNTNte,Transport
ARG_Dte,Transport
2M3HVACte,Transport
SPHMYLNte,Transport
HMR_0015,Transport
HMR_0016,Transport
BUTt,Transport
HMR_0164,Transport
34DHPEt,Transport
HMR_0183,Transport
HMR_0194,Transport
HMR_0203,Transport
HMR_0208,Transport
HMR_0215,Transport
HMR_0232,Transport
HMR_0235,Transport
HMR_0240,Transport
3MGLUTRte,Transport
HMR_0243,Transport
HMR_0244,Transport
HMR_0254,Transport
HMR_0292,Transport
HMR_0303,Transport
HMR_0304,Transport
PPIOGLYte,Transport
HMR_0322,Transport
HMR_0325,Transport
HMR_0270,Transport
HMR_0273,Transport
HMR_0277,Transport
HMR_0288,Transport
HMR_0391,Transport
HMR_0392,Transport
HMR_0415,Transport
HMR_0329,Transport
HMR_0344,Transport
HMR_0347,Transport
HMR_0367,Transport
HMR_0371,Transport
HMR_0423,Transport
HMR_0427,Transport
HMR_0383,Transport
HMR_0384,Transport
HMR_0469,Transport
HMR_1897,Transport
HMR_0770,Transport
HMR_3951,Transport
SUCCt4_3,Transport
CITt4_3,Transport
HMR_6362,Transport
HMR_6365,Transport
HMR_7173,Transport
SO4t4_3,Transport
CLOHtex2,Transport
HMR_7898,Transport
HMR_7900,Transport
HMR_7906,Transport
CLFORtex2,Transport
GALt4_2,Transport
GLCt4_2,Transport
HMR_9175,Transport
HMR_9176,Transport
HMR_9180,Transport
HMR_9184,Transport
HMR_9187,Transport
HMR_9188,Transport
APRGSTRNte,Transport
HMR_8023,Transport
3AIBt,Transport
HMR_8374,Transport
HMR_9189,Transport
HMR_9581,Transport
HMR_9582,Transport
HMR_8567,Transport
SO4t_e,Transport
HMR_9593,Transport
HMR_9604,Transport
HMR_9605,Transport
PNTOt1,Transport
HMR_9608,Transport
HMR_9609,Transport
HMR_9610,Transport
HMR_9612,Transport
HMR_9614,Transport
HMR_9617,Transport
HMR_9619,Transport
HMR_9622,Transport
HMR_9623,Transport
3DHLCAt2,Transport
7DHCDCHOLt,Transport
7DHCDCHOLt2,Transport
7DHCHOLabc,Transport
7DHCHOLt,Transport
7DHCHOLt2,Transport
HMR_9624,Transport
CA24Gtr,Transport
HMR_9635,Transport
HMR_9638,Transport
CA3Sabc,Transport
HMR_9720,Transport
CDCA24Gte,Transport
HMR_9640,Transport
HMR_9642,Transport
HMR_9644,Transport
HMR_9647,Transport
HMR_9648,Transport
HC02220t,Transport
COPROSTabc,Transport
COPROSTt,Transport
COPROSTt2,Transport
HMR_9656,Transport
HMR_9660,Transport
HMR_9661,Transport
HMR_9663,Transport
DCA3Sabc,Transport
DCA3St,Transport
HDCA24Gte,Transport
HDCA24Gtr,Transport
HDCA6Gtr,Transport
HYOCHOLt,Transport
HYOCHOLt2,Transport
ICDCHOLt2,Transport
ISOCHOLt,Transport
GCA3St,Transport
GCDCA3Sabc,Transport
GDCA3St,Transport
HCA24Gtr,Transport
HCA6Gte,Transport
HCA6Gtr,Transport
LCA24Gte,Transport
LCA24Gtr,Transport
TCDCA3Sabc,Transport
TCDCA3St,Transport
UDCA3Sabc,Transport
TDCA3Sabc,Transport
UDCA3St,Transport
TDCA3St,Transport
UDCHOLt,Transport
THYOCHOLabc,Transport
THYOCHOLt,Transport
TUDCA3St,Transport
UCHOLabc,Transport
UCHOLt,Transport
12DHCHOLabc,Transport
3DHCHOLabc,Transport
3DHCHOLt,Transport
3DHCHOLt2,Transport
3DHDCAabc,Transport
3DHDCAt2,Transport
3DHLCAabc,Transport
1A25HVITD2t,Transport
4NPHSFte,Transport
1MNCAMti,Transport
2HBt2,Transport
2HCO3_NAt,Transport
34DHOXPEGt,Transport
3MLDAt,Transport
4MTOLBUTAMIDEte,Transport
4NPHte,Transport
5ADTSTSTERONEGLCte,Transport
5ADTSTSTERONESte,Transport
5HOMEPRAZOLEte,Transport
5HTRPVESSEC_1,Transport
5MTHFt,Transport
5MTHFt2_1,Transport
6HTSTSTERONEte,Transport
ABUTt4_2_r,Transport
ACCOAgt,Transport
ACGALFUCGALACGALFUC12GAL14ACGLCGALGLUSIDEte,Transport
ACN13ACNGALGBSIDEte,Transport
ACN23ACNGALGBSIDEte,Transport
ACNACNGAL14ACGLCGALGLUSIDEte,Transport
ACNACNGALGBSIDEte,Transport
ADNt,Transport
ADRNLPVESSEC_1,Transport
ADRNt,Transport
AFLATOXINte,Transport
ALAASNNaEx,Transport
ALACYSNaEx,Transport
ALADGLNexR,Transport
ALADGLYexR,Transport
ALAGLNexR,Transport
ALAGLNNaEx,Transport
ALAt4,Transport
ALAtN1,Transport
ANDRSTRNte,Transport
APNNOXte,Transport
APPNNte,Transport
AQCOBALt,Transport
ASCBt4,Transport
ASNALANaEx,Transport
ASNSERNaEx,Transport
ASNTHRNaEx,Transport
ASNtN1,Transport
ASPDt6,Transport
BILGLCURt,Transport
BHBt,Transport
BILDGLCURte,Transport
BILIRUBt2,Transport
BTNt2i,Transport
BTNt4i,Transport
BZt,Transport
CARVEOLte,Transport
CGLYt3_2,Transport
CHOLATEt,Transport
CHOLATEt2,Transport
CHOLATEt3,Transport
CHOLt4,Transport
CHOLtu,Transport
CITt4_2,Transport
CLFORtex,Transport
CLI2tex,Transport
CLOHtex2_1,Transport
COt,Transport
COUMARINte,Transport
CRTSTRNt,Transport
CSNt,Transport
CSPG_At,Transport
CSPG_Bt,Transport
CSPG_Et,Transport
CYSGLNNaEx,Transport
CYSGLUexR,Transport
CYSt4,Transport
CYSTHRNaEx,Transport
CYSTSERex,Transport
CYTDt4,Transport
D_3AIBt,Transport
DADNt4,Transport
DAGt,Transport
DALAt2r,Transport
DEBRISOQUINEt,Transport
DHAAt1r,Transport
DHEAStr,Transport
DINt,Transport
DLNLCGt,Transport
DOPASFt,Transport
DRIBt,Transport
EAFLATOXINte,Transport
EBASTINEOHte,Transport
EICOSTETt,Transport
ELAIDt,Transport
ESTRADIOLGLCt,Transport
ESTRADIOLGLCt2,Transport
25HVITD2t,Transport
r2447,Transport
r2449,Transport
r2465_1,Transport
r2482,Transport
r2483,Transport
r2485,Transport
r2490,Transport
r2494,Transport
r2495,Transport
r2526,Transport
r2535,Transport
r2343,Transport
r2346,Transport
r2353,Transport
r2356,Transport
r2361,Transport
r2364,Transport
r2365,Transport
r2367,Transport
r2368,Transport
ASCBt5,Transport
GLYt7_311_r,Transport
PIt8,Transport
ALAATB0tc,Transport
ASCBSVCTtc,Transport
BALABETAtc,Transport
CYSATB0tc,Transport
CYSTALArBATtc,Transport
FOLt,Transport
GLCSGLT1le,Transport
GLNyLATthc,Transport
GLYGLYCNc,Transport
GLYGLYPEPT1tc,Transport
GLYPROPEPT1tc,Transport
GLYSARCNc,Transport
GLYSARPEPT1tc,Transport
GLYSNAT5tc,Transport
HISyLATthc,Transport
ILEATB0tc,Transport
LEUyLAThtc,Transport
LYSATB0tc,Transport
METyLATthc,Transport
FATP4t,Transport
FE3t,Transport
ACP1e,Transport
GLUPROASCT1,Transport
GLYCt,Transport
INSt5,Transport
LEUGLYHYc,Transport
PNTOt5,Transport
PTRCtex2,Transport
TRPB0AT3tc,Transport
CAMPt,Transport
FATP5t,Transport
FRUt4,Transport
GCHOLAt3,Transport
RIBFLVt3o,Transport
CHSTEROLt,Transport
r0963,Transport
LNELDCCRNte,Transport
ODECRNte,Transport
PMTCRNte,Transport
HDCECRNte,Transport
HC00342te,Transport
FATP6t,Transport
PALFATPtc,Transport
FATP9t,Transport
3MTPte,Transport
TTDCRNNAt,Transport
PCHOLHSTDe_1,Transport
PNTOte,Transport
PROGLYPEPT1tc,Transport
AMPTASEPG,Transport
SBT_Dt,Transport
SERATB0tc,Transport
TAUBETAtc,Transport
TAUPAT1c,Transport
THRATB0tc,Transport
VITKtl,Transport
15KPROSTGF2t,Transport
21HPRGNLONEt2,Transport
34HPLte,Transport
3HMPtd,Transport
3MHISt3,Transport
4AABUTNt,Transport
4TMEABUTNt1,Transport
4TMEABUTNt2,Transport
5MTHFt2,Transport
56DTHMtd,Transport
ARACHFATPc,Transport
ASPte,Transport
CHOLESTle_1,Transport
56DURAt,Transport
5AOPt,Transport
5HPETATP,Transport
5HPETtd,Transport
7DHCHSTEROLt,Transport
ABT_Dt,Transport
ABTpp2,Transport
ACLYSt,Transport
ACLYStm,Transport
ADPACtd,Transport
CYSAMOe,Transport
ADPOHt,Transport
ALLTNti,Transport
AMETt,Transport
THMDt5,Transport
TTDCAFATPc,Transport
4MOPte,Transport
AHCYSte,Transport
OROTGLUt,Transport
GLYALDtr,Transport
LKYNRtr2,Transport
LKYNRtr3,Transport
BALAPAT1tc2,Transport
BALABETAtc2,Transport
CRTNtr,Transport
KYNATEtr,Transport
QULNtr,Transport
2PGtr,Transport
CARNtr,Transport
CHOLPtr,Transport
CYST_Ltr,Transport
DCMPtr,Transport
DHAPtr,Transport
ICITtr,Transport
L2AADPtr,Transport
XMPtr,Transport
XTSNtr,Transport
UDPGLCURtr,Transport
IMPtr,Transport
NICRNtr,Transport
OROT5Ptr,Transport
GLYC_Rt,Transport
HC00319t1,Transport
HC02149td,Transport
HEXDIACtd,Transport
HMCARNt,Transport
HPPPNt2r,Transport
HXCOAte,Transport
IND3ACt,Transport
LTHSTRLt,Transport
MEV_Rt,Transport
NACASPt,Transport
OAAt_1,Transport
pac,Transport
PCOLLG5HLYStd,Transport
PROSTGI2c,Transport
SACCRP_Ltm,Transport
SEBACIDtd,Transport
SUBEACtd,Transport
TETDECA511ACtd,Transport
THRNTt,Transport
TMLYStd,Transport
TTDCEAATP,Transport
C03990ATP,Transport
C03990t,Transport
C04483t1,Transport
C04717td,Transport
C04805ATP,Transport
C05957t,Transport
C05957td,Transport
C06315t,Transport
URCANt,Transport
WHARACHDt,Transport
ACILEte,Transport
ACLEUte,Transport
C14768ATP,Transport
C14769td1,Transport
C14769td2,Transport
C14771ATP,Transport
C14825ATP,Transport
C14825td,Transport
C14826td,Transport
CE0955te,Transport
CE0955tr,Transport
CE1273t1,Transport
CE1273t2,Transport
CE1297t,Transport
CE1297td,Transport
CE2176t,Transport
CE2445t,Transport
CE2510t,Transport
CE2513ATP,Transport
CE2537ATP,Transport
CE4843t,Transport
CE5304t,Transport
CE6031t,Transport
CE7082ATP,Transport
CORTSNt,Transport
ALAARGGLYt,Transport
ALAASNLEUt,Transport
ALAHISALAt,Transport
ARGCYSGLYt,Transport
ARGGLUGLUt,Transport
ARGGLYGLYt,Transport
ARGLEUPHEt,Transport
ARGLYSASPt,Transport
ARGPHEARGt,Transport
ARGSERSERt,Transport
ARGTYRVALt,Transport
ARGVALCYSt,Transport
ARGVALTRPt,Transport
ASNCYSCYSt,Transport
ASNMETPROt,Transport
ASNPHEASPt,Transport
ASNPHECYSt,Transport
ASNTYRGLYt,Transport
ASNTYRPHEt,Transport
ASNTYRTHRt,Transport
ASPGLUt,Transport
CYSCYSt,Transport
CYSGLNMETt,Transport
CYSTYRASNt,Transport
GLNASNGLNt,Transport
GLNHISHISt,Transport
LYSCYSHISt,Transport
LYSPHEILEt,Transport
LYSTRPARGt,Transport
LYSVALTRPt,Transport
METASNTYRt,Transport
METHISLYSt,Transport
METMETILEt,Transport
METPHEARGt,Transport
PHEGLNPHEt,Transport
PHEPHEt,Transport
PHEPROARGt,Transport
PHESERTRPt,Transport
PHETRPLEUt,Transport
PHETYRt,Transport
PHETYRLYSt,Transport
PROARGCYSt,Transport
PROCYSt,Transport
PROGLULYSt,Transport
HC02220c,Transport
HC02194te,Transport
PROPHEt,Transport
PROPROARGt,Transport
PROTRPLYSt,Transport
PROVALGLNt,Transport
SERARGALAt,Transport
SERCYSARGt,Transport
SERGLYGLUt,Transport
VALLEUPHEt,Transport
VALPHEARGt,Transport
VALSERARGt,Transport
VALTRPVALt,Transport
TRPGLYASPt,Transport
PCSsec,Transport
MEPIt,Transport
TREt,Transport
LEULEUt,Transport
GLYPROt,Transport
PROGLyt,Transport
DHBPTt,Transport
THBPTt,Transport
PE224_HSte,Transport
PCHOLN261_HSte,Transport
PCHOLN28_HSte,Transport
HDCECRNtr,Transport
LNELDCCRNtr,Transport
STCRNtr,Transport
GNCORE1te,Transport
GNCORE2te,Transport
LHCYSTINt,Transport
ALAARGCYSt,Transport
GLNLYSLYSt,Transport
GLNLYSTRPt,Transport
GLULEUt,Transport
GLUTHRt,Transport
GLUTRPALAt,Transport
GLYHISASNt,Transport
GLYHISLYSt,Transport
GLYLYSCYSt,Transport
GLYLYSPHEt,Transport
GLYTYRLYSt,Transport
HISARGCYSt,Transport
HISARGSERt,Transport
HISCYSCYSt,Transport
r2514e,Transport
3MOXTYRESSte,Transport
ADRNLtu,Transport
GTHOXti2,Transport
NORMETEVESSte,Transport
OROATP,Transport
HISGLUt,Transport
HISGLUGLNt,Transport
HISHISLYSt,Transport
HISLYSGLUt,Transport
HISLYSTHRt,Transport
HISMETGLNt,Transport
HISPHEARGt,Transport
HISPROLYSt,Transport
HISTRPHISt,Transport
ILEARGILEt,Transport
ILEASPt,Transport
ILEGLNGLUt,Transport
ILETRPTYRt,Transport
LEUALAARGt,Transport
LEULEUTRPt,Transport
LEUSERTRPt,Transport
Ht,Transport
ACGALtr,Transport
CO2t,Transport
LEUTYRTYRt,Transport
SERPHELYSt,Transport
THRARGTYRt,Transport
THRASNTYRt,Transport
THRGLNGLUt,Transport
THRGLNTYRt,Transport
THRMETARGt,Transport
THRTHRARGt,Transport
TRPALAPROt,Transport
TRPGLUPROt,Transport
TRPGLYLEUt,Transport
TRPHISMETt,Transport
TRPILELYSt,Transport
TRPLYSt,Transport
TRPMETVALt,Transport
TRPPROGLYt,Transport
TRPPROVALt,Transport
TRPTHRGLUt,Transport
TRPTYRTYRt,Transport
TYRALAPHEt,Transport
TYRARGGLUt,Transport
TYRARGSERt,Transport
TYRCYSGLYt,Transport
TYRCYSTHRt,Transport
TYRTHRt,Transport
TYRTRPPHEt,Transport
TYRTYRt,Transport
PRO1x,Transport
PIt7,Transport
PYDXtr,Transport
ACALDt,Transport
GLNt4,Transport
CE2537ABCt,Transport
CE7082UPKt,Transport
CE7172UPKt,Transport
DIGALSGALSIDEte,Transport
NRVNCABCt,Transport
PAIL_hs_SECt,Transport
PAILPALM_HSSECt,Transport
PCHOLAR_HSABCt,Transport
PCHOLHEP_HSABCt,Transport
PCHOLMYR_HsABCt,Transport
PCHOLN15_HSABCt,Transport
PCHOLN1836_HSABCt,Transport
PCHOLN19_HSABCt,Transport
PCHOLN201_HSABCt,Transport
PCHOLN204_HSABCt,Transport
PCHOLN205_HSABCt,Transport
PCHOLN264_HSABCt,Transport
PCHOLSTE_HSABCt,Transport
PE12_HSABCt,Transport
PCHOL2PALM_HSte,Transport
Pe13_HSABCt,Transport
PE15_HSABCt,Transport
PE226_HSABCt,Transport
PEDH203_HSABCt,Transport
PELPALM_HSABCt,Transport
PEOLE_HSABCt,Transport
SPHMYLN18114_hs_SECt,Transport
SPHMYLN18115_hs_SECt,Transport
SPHMYLN18116_hs_SECt,Transport
SPHMYLN181161_hs_SECt,Transport
SPHMYLN181181_hs_SECt,Transport
SPHMYLN181201_hs_SECt,Transport
SPHMYLN18121_hs_SECt,Transport
SPHMYLN18122_hs_SECt,Transport
SPHMYLN181221_hs_SECt,Transport
SPHMYLN1825_hs_SECt,Transport
3AIBt1,Transport
APRGSTRNt1e,Transport
PAFt,Transport
PCHOL2LINL_HSt1e,Transport
PCHOL2OLE_HSt1e,Transport
XOLEST183te,Transport
CORE4t,Transport
CORE7t,Transport
DST_ANTIGENt,Transport
GALAMtr,Transport
MK10t,Transport
MK11t,Transport
S2L2N2M2Mt,Transport
F1Ate,Transport
F1Ate2,Transport
PCHOL2STE_HSt1e,Transport
PCHOLAR_HSt1e,Transport
PCHOLDOC_HSt1e,Transport
PCHOLEIC_HSt1e,Transport
PCHOLMYR_Hst1e,Transport
PCHOLN19_HSt1e,Transport
PCHOLN203_HSt1e,Transport
PCHOLN204_HSt1e,Transport
PCHOLN205_HSt1e,Transport
PCHOLN224_HSt1e,Transport
PCHOLN2254_HSt1e,Transport
PCHOLN264_HSt1e,Transport
PCHOLOLE_HSt1e,Transport
PEPALM_HSt1e,Transport
PCHOLPALME_HSt1e,Transport
Pe13_HSt1e,Transport
PE17_HSt1e,Transport
PE203_HSt1e,Transport
PE2LINL_HSt1e,Transport
PEDH203_HSt1e,Transport
PELINL_HSt1e,Transport
PEOLE_HSt1e,Transport
TRYPTAte,Transport
SELMETHte,Transport
CE7090te,Transport
CE7096te,Transport
CE1447te,Transport
C05769te3,Transport
C05770te4,Transport
MLTHFte3,Transport
CE2705t,Transport
MMAte,Transport
TYMte,Transport
HDD2CRNte2,Transport
GALt2_2,Transport
MLTHFte1,Transport
CE1918te,Transport
4HBZte,Transport
EGMEte,Transport
INSt2,Transport
L_LACt2r,Transport
NAt3_1,Transport
C10164te,Transport
C05769te2,Transport
C05770te3,Transport
XYLULte,Transport
CE0737te,Transport
HDD2CRNte,Transport
URIt2,Transport
ALAt2r,Transport
C13856te,Transport
PRISTte,Transport
CE2049te,Transport
COKEte,Transport
GUAt,Transport
MK8t,Transport
HMR_0008,Transport
HMR_0017,Transport
HMR_0019,Transport
HMR_0167,Transport
HMR_0170,Transport
HMR_0176,Transport
HMR_0191,Transport
HYXNt,Transport
HMR_0207,Transport
HMR_0211,Transport
HMR_0239,Transport
HMR_0291,Transport
3OHGLUTACte,Transport
GLUTCONte,Transport
3OHSEBACte,Transport
HMR_0296,Transport
HMR_0299,Transport
HMR_0300,Transport
HMR_0307,Transport
HMR_0308,Transport
HMR_0311,Transport
HMR_0317,Transport
HMR_0321,Transport
HMR_0326,Transport
3OHSUBACte,Transport
7OHOCTAte,Transport
ETHMALACte,Transport
METHSUCCte,Transport
SUBGLYte,Transport
4OHBUTtce,Transport
HMR_0343,Transport
HMR_0359,Transport
HMR_0363,Transport
HMR_0375,Transport
HMR_0380,Transport
HMR_0387,Transport
HMR_0388,Transport
3AIBSYMPt,Transport
C14771UPKt,Transport
CE1243UPKt,Transport
SPHMYLN18118_hs_ATPt,Transport
SPHMYLN181181_hs_ATPt,Transport
SPHMYLN181201_hs_ATPt,Transport
SPHMYLN18122_hs_ATPt,Transport
SPHMYLN181221_hs_ATPt,Transport
SPHMYLN18123_hs_ATPt,Transport
SPHMYLN1824_hs_ATPt,Transport
SPHMYLN1825_hs_ATPt,Transport
THEXDDte,Transport
HPDECEte,Transport
ANDRSTNDNte,Transport
ANDRSTANDRte,Transport
CE2209te,Transport
C05299te,Transport
C05302te,Transport
CE5072te,Transport
11DOCRTSTRNte,Transport
PRGNLONEte,Transport
17AHPRGNLONEte,Transport
PRGNLONESte,Transport
MMAt2e,Transport
CE2006te,Transport
N8ASPMDte,Transport
CE4890te2,Transport
C09642te,Transport
ESTRONEte,Transport
HC02020te,Transport
XOL27OHte,Transport
CHSTEROLSte,Transport
3ITYR_Lte,Transport
35DIODTYRte,Transport
13_CIS_RETNte,Transport
CE1617te,Transport
FNA5MOXAMte,Transport
CE5643te,Transport
CE1401te,Transport
DOPA4SFt,Transport
CE5026t,Transport
CE1261t,Transport
CE2172t,Transport
GA1tl,Transport
GALGLUSIDEtg2,Transport
GD3tg,Transport
GLUSIDEte,Transport
GLUSIDEtl,Transport
GM2tl,Transport
SPHMYLNtl2,Transport
HMR_0247,Transport
HMR_0253,Transport
HMR_0257,Transport
HMR_0261,Transport
HMR_0278,Transport
HMR_0281,Transport
HMR_0287,Transport
HMR_0395,Transport
HMR_0419,Transport
HMR_0428,Transport
HMR_0431,Transport
HMR_0432,Transport
HMR_0435,Transport
HMR_0436,Transport
HMR_0439,Transport
HMR_6989,Transport
HMR_7184,Transport
HMR_7903,Transport
HMR_8056,Transport
7DHCDCHOLabc,Transport
CA24Gte,Transport
CA3St,Transport
CDCA24Gtr,Transport
CDCA3Gte,Transport
CDCA3Gtr,Transport
DCA24Gte,Transport
DCA24Gtr,Transport
DCA3Gte,Transport
DCA3Gtr,Transport
HDCA6Gte,Transport
HYOCHOLabc,Transport
HYOCHOLtr,Transport
ICDCHOLabc,Transport
ICDCHOLt,Transport
ISOCHOLabc,Transport
ISOCHOLt2,Transport
LCA3Gte,Transport
LCA3Gtr,Transport
LCA3Sabc,Transport
LCA3St,Transport
M02155tr,Transport
TCA3Sabc,Transport
TCA3St,Transport
THYOCHOLt2,Transport
TUDCA3Sabc,Transport
HMR_6359,Transport
HMR_6363,Transport
HMR_6364,Transport
CLHCOtex,Transport
HMR_9178,Transport
HMR_9185,Transport
HMR_9191,Transport
HMR_9583,Transport
HMR_9584,Transport
HMR_9602,Transport
HMR_9603,Transport
HMR_9613,Transport
HMR_9615,Transport
HMR_9620,Transport
HMR_9621,Transport
HMR_9639,Transport
HMR_9652,Transport
HMR_9657,Transport
HMR_9658,Transport
HMR_9662,Transport
GCA3Sabc,Transport
GCDCA3St,Transport
GDCA3Sabc,Transport
GUDCA3Sabc,Transport
GUDCA3St,Transport
HCA24Gte,Transport
UCHOLt2,Transport
UDCHOLt2,Transport
FOLt2_1,Transport
FUC13GALACGLCGAL14ACGLCGALGLUSIDEte,Transport
FUCFUC12GAL14ACGLCGALGLUSIDEte,Transport
FUCFUCGALACGLCGALGLUSIDEte,Transport
FUCGAL14ACGLCGALGLUSIDEte,Transport
FUCGALFUCGALACGLCGALGLUSIDEte,Transport
GALFUC12GAL14ACGLCGALGLUSIDEte,Transport
GALFUCGALACGLCGAL14ACGLCGALGLUSIDEte,Transport
GALGALGALTHCRMte,Transport
GAMt1r,Transport
GCHOLAt,Transport
GLCMter,Transport
GLCt1,Transport
GLCt2_2,Transport
GLNSERNaEx,Transport
GLNTHRNaEx,Transport
GLNtN1,Transport
GLUVESSEC,Transport
GP1CALPHAte,Transport
GP1Cte,Transport
GQ1Bte,Transport
GSNt,Transport
GSNt4,Transport
HDCEAt,Transport
HISTAtu,Transport
HIStiDF,Transport
HIStN1,Transport
HKt,Transport
HPDCAt,Transport
ILEtec,Transport
INSt4,Transport
It,Transport
KSII_CORE2t,Transport
LEUKTRA4t,Transport
LEUt4,Transport
LEUtec,Transport
LGNCt,Transport
LNELDCt,Transport
LPCHOLt,Transport
LYSt5r,Transport
MAGt,Transport
MEPIVESSte_cho,Transport
MERCPLACCYSt,Transport
METLEUex,Transport
METt4,Transport
MTHGXLt,Transport
NAHCO3_HCLt,Transport
NaKt_1,Transport
NAt,Transport
NAt5,Transport
NCAMUP,Transport
NCKt,Transport
NCNt,Transport
NH4t3r,Transport
NKCCt,Transport
NOt,Transport
NPTHLte,Transport
NRPPHRSFt,Transport
NRPPHRt4_2_r,Transport
NRPPHRtu,Transport
NRPPHRVESSEC_1,Transport
O2St,Transport
OAGD3te,Transport
OAGT3te,Transport
OCDCAt,Transport
OCDCEAt,Transport
OCTAt,Transport
ONPTHLte,Transport
OXAHCOtex,Transport
PCt,Transport
PEt,Transport
PHEtec,Transport
PRODt2r,Transport
PROSTGD2t,Transport
PROSTGE1t3,Transport
PNTOt5_1,Transport
PPAtr,Transport
PROSTGF2t,Transport
PROSTGH2t,Transport
PSt3,Transport
PTDCAt,Transport
RBTt,Transport
RETFAt2,Transport
RETNGLCt,Transport
RETNt,Transport
RIBFLVt3,Transport
RTOTAL2t,Transport
RTOTALt,Transport
SARCStex,Transport
SERALANaEx,Transport
SERCYSNaEx,Transport
SERDGLNexR,Transport
SERDGLYexR,Transport
SERGLNexR,Transport
SERGLNNaEx,Transport
SERt4,Transport
SO4CLtex2,Transport
SO4HCOtex,Transport
SO4OXAtex2,Transport
SPC_HSt,Transport
SPH1Pte,Transport
SPHS1Pte,Transport
SUCCt4_2,Transport
TAGt,Transport
TCHOLAt2,Transport
TCHOLAte,Transport
TCYNTt,Transport
TDCHOLAte,Transport
TETPENT3t,Transport
TETPENT6t,Transport
TETTET6t,Transport
THFt2_1,Transport
THRALANaEx,Transport
THRASNNaEx,Transport
THRGLNexR,Transport
THRt4,Transport
THYMDt1,Transport
THYMt,Transport
THYOXt2,Transport
TOLBUTAMIDEte,Transport
TRIODTHYt,Transport
TRIODTHYt2,Transport
TXA2te,Transport
TYMSFt,Transport
TYRt,Transport
TYRt4,Transport
URAt,Transport
URIt4,Transport
VACCt,Transport
VALt4,Transport
VALtec,Transport
WHDDCAte,Transport
WHHDCAte,Transport
WHTSTSTERONEte,Transport
XOLEST2te,Transport
XOLTRI27te,Transport
r0813,Transport
r0817,Transport
r0871,Transport
r0879,Transport
r0881,Transport
r0946,Transport
r0961,Transport
PNTOt4,Transport
r0993,Transport
r1015,Transport
r1026,Transport
r1030,Transport
CHOLESTTDe,Transport
r1106,Transport
r1116,Transport
r1500,Transport
r1501,Transport
r1512,Transport
r1514,Transport
r1516,Transport
r1517,Transport
r1521,Transport
r1522,Transport
r1523,Transport
r1527,Transport
r1529,Transport
r1532_1,Transport
HCO3_2NAt,Transport
r1544,Transport
r1546,Transport
r1551,Transport
r1559,Transport
r1563,Transport
r1566,Transport
r1569,Transport
r1570,Transport
r1573,Transport
r1574,Transport
r1575,Transport
r1576,Transport
r1580,Transport
r1583,Transport
r1592,Transport
r1596,Transport
r1598,Transport
r1599,Transport
r1600,Transport
r1602,Transport
r1605,Transport
r1606,Transport
r1607,Transport
r1608,Transport
r1609,Transport
r1614,Transport
LEUPHELAT2tc,Transport
r1625,Transport
r1627,Transport
r1628,Transport
r1633,Transport
r1635,Transport
r1636,Transport
r1638,Transport
r1639,Transport
r1640,Transport
r1642,Transport
r1643,Transport
VALLAT1tc,Transport
r1646,Transport
r1650,Transport
r1651,Transport
r1653,Transport
r1654,Transport
r1655,Transport
r1656,Transport
r1658,Transport
r1660,Transport
r1662,Transport
r1664,Transport
r1665,Transport
r1668,Transport
r1669,Transport
r1670,Transport
r1672,Transport
r1675,Transport
r1677,Transport
r1679,Transport
r1681,Transport
r1682,Transport
r1683,Transport
r1684,Transport
r1687,Transport
r1690,Transport
r1691,Transport
r1695,Transport
r1698,Transport
r1702,Transport
r1708,Transport
r1711,Transport
r1713,Transport
r1715,Transport
r1716,Transport
r1720,Transport
r1721,Transport
r1725,Transport
r1728,Transport
r1730,Transport
r1733,Transport
r1734,Transport
r1735,Transport
r1737,Transport
r1738,Transport
r1739,Transport
r1740,Transport
r1741,Transport
r1742,Transport
r1743,Transport
r1749,Transport
r1751,Transport
r1756,Transport
r1757,Transport
r1759,Transport
r1760,Transport
r1761,Transport
r1765,Transport
r1767,Transport
r1769,Transport
r1770,Transport
r1772,Transport
r1773,Transport
r1775,Transport
r1776,Transport
r1777,Transport
r1780,Transport
r1782,Transport
r1785,Transport
r1787,Transport
r1788,Transport
r1800,Transport
r1801,Transport
r1803,Transport
r1807,Transport
r1808,Transport
r1810,Transport
r1812,Transport
r1813,Transport
r1815,Transport
r1816,Transport
r1819,Transport
r1825,Transport
r1826,Transport
r1828,Transport
r1831,Transport
r1834,Transport
r1835,Transport
r1843,Transport
r1844,Transport
r1850,Transport
r1852,Transport
r1856,Transport
r1859,Transport
r1862,Transport
r1863,Transport
r1866,Transport
r1871,Transport
r1872,Transport
r1873,Transport
r1879,Transport
r1883,Transport
r1884,Transport
r1886,Transport
r1888,Transport
r1891,Transport
r1894,Transport
r1895,Transport
r1896,Transport
r1897,Transport
r1902,Transport
r1906,Transport
r1909,Transport
r1911,Transport
r1913,Transport
r1914,Transport
r1915,Transport
r1917,Transport
r1919,Transport
r1922,Transport
r1923,Transport
r1924,Transport
r1926,Transport
r1929,Transport
r1930,Transport
r1931,Transport
r1933,Transport
r1934,Transport
r1936,Transport
r1937,Transport
r1938,Transport
r1939,Transport
r1941,Transport
r1942,Transport
r1943,Transport
r1946,Transport
r1947,Transport
r1950,Transport
r1952,Transport
r1953,Transport
r1955,Transport
r1956,Transport
r1958,Transport
r1959,Transport
r1960,Transport
r1966,Transport
r1968,Transport
r1969,Transport
r1971,Transport
r1973,Transport
r1975,Transport
r1977,Transport
r1978,Transport
r1979,Transport
r1982,Transport
r1988,Transport
r1990,Transport
r1991,Transport
r1992,Transport
r1993,Transport
r1994,Transport
r1995,Transport
r1996,Transport
r1998,Transport
r1999,Transport
r2002,Transport
r2006,Transport
r2008,Transport
r2009,Transport
r2010,Transport
r2012,Transport
r2015,Transport
r2019,Transport
r2020,Transport
r2022,Transport
r2024,Transport
r2027,Transport
r2028,Transport
r2029,Transport
r2034,Transport
r2037,Transport
r2042,Transport
r2043,Transport
r2044,Transport
r2045,Transport
r2052,Transport
r2053,Transport
r2054,Transport
r2057,Transport
r2059,Transport
r2061,Transport
r2062,Transport
r2064,Transport
r2066,Transport
r2069,Transport
r2070,Transport
r2079,Transport
r2082,Transport
r2083,Transport
r2091,Transport
r2095,Transport
r2097,Transport
r2098,Transport
r2099,Transport
r2102,Transport
r2103,Transport
r2105,Transport
r2107,Transport
r2109,Transport
r2110,Transport
r2112,Transport
r2116,Transport
r2117,Transport
r2118,Transport
r2119,Transport
r2124,Transport
r2127,Transport
r2128,Transport
r2129,Transport
r2131,Transport
r2132,Transport
r2136,Transport
r2140,Transport
r2142,Transport
r2143,Transport
r2144,Transport
r2145,Transport
r2147,Transport
r2148,Transport
r2152,Transport
r2154,Transport
r2155,Transport
r2156,Transport
r2157,Transport
r2158,Transport
r2160,Transport
r2161,Transport
r2162,Transport
r2163,Transport
r2168,Transport
r2169,Transport
r2170,Transport
r2171,Transport
r2174,Transport
r2180,Transport
r2181,Transport
r2182,Transport
r2183,Transport
r2184,Transport
r2185,Transport
r2186,Transport
r2187,Transport
r2188,Transport
r2190,Transport
r2194,Transport
r2197,Transport
r2198,Transport
r2200,Transport
r2203,Transport
r2207,Transport
r2208,Transport
r2209,Transport
r2214,Transport
r2216,Transport
r2218,Transport
r2220,Transport
r2221,Transport
r2222,Transport
r2223,Transport
r2224,Transport
r2225,Transport
r2232,Transport
r2234,Transport
r2235,Transport
r2240,Transport
r2241,Transport
r2243,Transport
r2251,Transport
r2252,Transport
r2253,Transport
r2254,Transport
r2259,Transport
r2261,Transport
r2262,Transport
r2263,Transport
r2267,Transport
r2269,Transport
r2270,Transport
r2271,Transport
r2272,Transport
r2274,Transport
r2279,Transport
r2280,Transport
r2281,Transport
r2284,Transport
r2285,Transport
r2286,Transport
r2287,Transport
r2288,Transport
r2290,Transport
r2291,Transport
r2292,Transport
r2295,Transport
r2296,Transport
r2298,Transport
r2302,Transport
r2303,Transport
r2304,Transport
r2305,Transport
r2306,Transport
r2308,Transport
r2311,Transport
r2312,Transport
r2314,Transport
r2316,Transport
r2318,Transport
r2319,Transport
r2320,Transport
r2322,Transport
r2323,Transport
r2326,Transport
r2327,Transport
r2328,Transport
r2329,Transport
r2330,Transport
r2338,Transport
ALAB0AT3tc,Transport
ARGB0AT3tc,Transport
ASNB0AT3tc,Transport
BETBGTtc,Transport
CYSB0AT3tc,Transport
ESTROSABCCte,Transport
FOLOAT1tc,Transport
FOLOATPtc,Transport
GLNB0AT3tc,Transport
GSNt2,Transport
LEUKABCtc,Transport
PHEB0AT3tc,Transport
PSHSABCtc,Transport
THCHOLSTOICt,Transport
XOL7AH3ATP,Transport
XOL7AH3t,Transport
XOL7AONEt,Transport
XOLDIOLONEATP,Transport
7KILTCHOLt,Transport
ACACt2,Transport
PHPYRte,Transport
3MOX4HOXMte,Transport
GLXt,Transport
CE4970te,Transport
CE2026te,Transport
ACTYRte,Transport
NACVANALAte,Transport
2M3HBUte,Transport
3H3MGLTte,Transport
3MGLUTACte,Transport
12DHCHOLt,Transport
12DHCHOLt2,Transport
3DHCDCHOLabc,Transport
3DHCDCHOLt,Transport
3DHCDCHOLt2,Transport
3DHDCAt,Transport
3DHLCAt,Transport
ACGALtlg,Transport
ACN13ACNGALGBSIDEtg,Transport
ACNACNGAL14ACGLCGALGLUSIDEtg,Transport
ACNACNGALGBSIDEtg,Transport
CERT1gt,Transport
CO2tg,Transport
DIGALSGALSIDEtg,Transport
F1Atg,Transport
FUC14GALACGLCGALGLUSIDEtg,Transport
FUCACNGAL14ACGLCGALGLUSIDEtg,Transport
FUCFUC132GALACGLCGAL14ACGLCGALGLUSIDEtg,Transport
FUCFUCFUCGALACGLC13GALACGLCGAL14ACGLCGALGLUSIDEtg,Transport
FUCFUCFUCGALACGLCGAL14ACGLCGALGLUSIDEtg,Transport
FUCGALFUCGALACGLCGALGLUSIDEtg,Transport
FUCGALGBSIDEtg,Transport
GALACGLCGALGBSIDEtg,Transport
GALFUC12GAL14ACGLCGALGLUSIDEtg,Transport
GALGALFUCFUCGALACGLCGALACGLCGAL14ACGLCGALGLUSIDEtg,Transport
GALGALGALTHCRMtg,Transport
GALSIDEtg,Transport
GDPFUCtg,Transport
GMPtg,Transport
GP1CALPHAtg,Transport
GQ1Btg,Transport
GT1Atg,Transport
H2Otg,Transport
NAt3_1g,Transport
PAPStg,Transport
PAPtg,Transport
PItg,Transport
Ser_Thrtg,Transport
SGALSIDEtg,Transport
SPHMYLNtg,Transport
UDPGALtg,Transport
UDPGLCAtg,Transport
UDPXYLtg,Transport
GNCORE1t,Transport
GNCORE2t,Transport
SPHGNtg,Transport
SPHINGStg,Transport
DHCRMtg,Transport
PHSPHINGStg,Transport
ATPtg,Transport
HMR_1916,Transport
HMR_9667,Transport
HMR_7182,Transport
HMR_7431,Transport
HMR_9670,Transport
HMR_9671,Transport
COAtg,Transport
ACGAGBSIDEtg,Transport
ACGALFUCGALACGALFUC12GAL14ACGLCGALGLUSIDEtg,Transport
ACGALFUCGALACGALFUCGALACGLCGAL14ACGLCGALGLUSIDEtg,Transport
ACGBGBSIDEtg,Transport
ACN23ACNGALGBSIDEtg,Transport
ACNGALACGLCGAL14ACGLCGALGLUSIDEtg,Transport
ACtg,Transport
CERT2gt,Transport
CHOLPtg,Transport
CHOLtg,Transport
CHSTEROLtg,Transport
CMPACNAtg,Transport
DIGALSIDEtg,Transport
DAG_HStg,Transport
HMR_9665,Transport
PHCRMtg,Transport
Rtotaltg,Transport
GD1Atg,Transport
HMR_9669,Transport
HMR_7330,Transport
HMR_7432,Transport
HMR_7437,Transport
HMR_8084,Transport
HMR_8086,Transport
HMR_4955,Transport
FUC13GALACGLCGAL14ACGLCGALGLUSIDEtg,Transport
FUCACGALFUCGALACGLCGALGLUSIDEtg,Transport
FUCACNGALACGLCGALGLUSIDEtg,Transport
FUCFUC12GAL14ACGLCGALGLUSIDEtg,Transport
FUCFUCGALACGLCGALGLUSIDEtg,Transport
FUCGAL14ACGLCGALGLUSIDEtg,Transport
GALFUCGALACGLCGAL14ACGLCGALGLUSIDEtg,Transport
GALGLUSIDEtg,Transport
GD1B2tg,Transport
GD1Ctg,Transport
GDPtg,Transport
GLCtg,Transport
GP1Ctg,Transport
GQ1BALPHAtg,Transport
Htg,Transport
Kt3g,Transport
OAGD3tg,Transport
OAGT3tg,Transport
PA_HStg,Transport
PCHOL_HStg,Transport
UGALNACtg,Transport
UGLCNACtg,Transport
XSERtg,Transport
COAtl,Transport
10FTHF7GLUtl,Transport
5THFtl,Transport
ABUTt2rL,Transport
ACGAGBSIDEtl,Transport
ACGAMtly,Transport
ACGBGBSIDEtl,Transport
ACNAMlt,Transport
ADNtl,Transport
ATPasel_1,Transport
CHOLPtl,Transport
CSPG_Atly,Transport
CSPG_Ctly,Transport
CSPG_Dtly,Transport
CYTDtl,Transport
DHFtl,Transport
DIGALSIDEtl,Transport
DPCOAtl,Transport
FALDtly,Transport
FUCtly,Transport
GALSIDEtl,Transport
GALtly,Transport
GBSIDEtl,Transport
GLCtly,Transport
HAtly,Transport
IDOURtly,Transport
KSII_CORE2tly,Transport
KSItly,Transport
MANtly,Transport
S2L2N2M2MASNtly,Transport
SGALSIDEtl,Transport
SO4tl,Transport
SPHINGStl,Transport
THYMDtl,Transport
UDPACGALtl,Transport
UDPtl,Transport
r0932,Transport
r0937,Transport
r0984,Transport
r0986,Transport
r0987,Transport
r1150,Transport
r1298,Transport
r1304,Transport
r1364,Transport
r1365,Transport
XOLEST183tl,Transport
XOLEST205tl,Transport
GD3tlc,Transport
NO2t2r,Transport
THCRMtl,Transport
GD1Btl,Transport
HMR_0769,Transport
HMR_2090,Transport
HMR_3597,Transport
HMR_7199,Transport
HMR_7711,Transport
HMR_7720,Transport
HMR_8588,Transport
10FTHF5GLUtl,Transport
10FTHF6GLUtl,Transport
10FTHFtl,Transport
5DHFtl,Transport
6DHFtl,Transport
6THFtl,Transport
7DHFtl,Transport
7THFtl,Transport
ACGALtly,Transport
CSPG_Btly,Transport
CSPG_Etly,Transport
XOLEST182tl,Transport
TMNDNCtl,Transport
XOLEST226tl,Transport
CRVNCtl,Transport
HMR_0831,Transport
HMR_0913,Transport
HMR_2087,Transport
HMR_7198,Transport
HMR_7715,Transport
HMR_7724,Transport
HMR_7727,Transport
HMR_8590,Transport
HMR_5249,Transport
GALGLUSIDEtl,Transport
GLCURtly,Transport
GLUt7l,Transport
GSNtl,Transport
H2O2tly,Transport
H2Otly,Transport
HSPGtly,Transport
KSII_CORE4tly,Transport
MEOHtly,Transport
N2M2NMASNtly,Transport
Rtotaltl,Transport
S2L2FN2M2MASNtly,Transport
SPHMYLNtl,Transport
THFtl,Transport
Uritl,Transport
XYLtly,Transport
r1052,Transport
r1299,Transport
r1301,Transport
r1302,Transport
r1367,Transport
r1368,Transport
24_25DHVITD3tm,Transport
10FTHFtm,Transport
24_25DHVITD2tm,Transport
3AIBtm,Transport
3MOBt2im,Transport
3MOPt2im,Transport
4MOPt2im,Transport
5THFtm,Transport
7DHFtm,Transport
AACTtm,Transport
ADNtm,Transport
AKGMALtm,Transport
ALDSTRNtm,Transport
AMETt2m,Transport
ASPGLUm,Transport
BHBtm,Transport
BTNt2m,Transport
CBL2tm,Transport
CDPDAGtm,Transport
CHSTEROLt3,Transport
CITRtm,Transport
CITtam,Transport
CO2tm,Transport
COAtim,Transport
CRTSLtm,Transport
CYANtm,Transport
DECDPtm,Transport
DGSNtm,Transport
DHFtm,Transport
DMGtm,Transport
DNDPt10m,Transport
DNDPt11m,Transport
DNDPt13m,Transport
DNDPt14m,Transport
DNDPt15m,Transport
DNDPt16m,Transport
DNDPt17m,Transport
DNDPt18m,Transport
DNDPt1m,Transport
DNDPt20m,Transport
DNDPt21m,Transport
DNDPt25m,Transport
DNDPt28m,Transport
DNDPt32m,Transport
DNDPt37m,Transport
DNDPt38m,Transport
DNDPt39m,Transport
DNDPt40m,Transport
DNDPt42m,Transport
DNDPt43m,Transport
DNDPt45m,Transport
DNDPt49m,Transport
DNDPt50m,Transport
DNDPt52m,Transport
DNDPt55m,Transport
DNDPt56m,Transport
DNDPt57m,Transport
DNDPt59m,Transport
DNDPt5m,Transport
DNDPt60m,Transport
DNDPt61m,Transport
DNDPt62m,Transport
DNDPt63m,Transport
DNDPt6m,Transport
FALDtm,Transport
FORtm,Transport
FUMSO4tm,Transport
FUMtm,Transport
GLNtm,Transport
GLYtm,Transport
H2O2tm,Transport
HMGCOAtm,Transport
ILEtmi,Transport
L_LACtcm,Transport
LYStm,Transport
MALtm,Transport
O2Stm,Transport
OCCOAtm,Transport
ORNt4m,Transport
PCFLOPm,Transport
PHEMEtm,Transport
PROtm,Transport
PSFLIPm,Transport
TCYNTtm,Transport
THFtm,Transport
THMMPtm_cho,Transport
THMt2m,Transport
THYMDtm,Transport
XOL27OHtm,Transport
XOL7AH2tm,Transport
XOLTRIOLtm,Transport
r0801,Transport
r0819,Transport
r0822,Transport
r0829,Transport
r0830,Transport
r0836,Transport
r0885,Transport
r0907,Transport
MALICITtm,Transport
r0915,Transport
r0921,Transport
r0926,Transport
r0962,Transport
r0975,Transport
CARN1619Zt_m,Transport
r1005,Transport
r1008,Transport
r1117,Transport
r1155,Transport
PPCOAtm,Transport
ALAtmi,Transport
r1435,Transport
r1437,Transport
PHEt2m,Transport
r1456,Transport
r1467,Transport
r1468,Transport
25HVITD2tin_m,Transport
r2472,Transport
r2374,Transport
r2375,Transport
r2377,Transport
r2382,Transport
r2384,Transport
r2385,Transport
r2387,Transport
r2388,Transport
r2396,Transport
r2399,Transport
r2400,Transport
r2404,Transport
r2520,Transport
r2405,Transport
r2407,Transport
r2408,Transport
r2409,Transport
r2411,Transport
r2412,Transport
r2419,Transport
C4tmc,Transport
3AIB_Dtm,Transport
AHCYStm,Transport
GLU5SAtmc,Transport
DCTPtm_cho,Transport
DGTPtm_cho,Transport
DTTPtm_cho,Transport
q10h2tc,Transport
NADtm,Transport
PPItm,Transport
C02712tm,Transport
ACTHRtc,Transport
ACILEtm,Transport
ACLEUtm,Transport
ACHOMtm,Transport
PHEACGLYtm,Transport
HXAt1,Transport
PACALDtm,Transport
BZtm,Transport
PA_HStm,Transport
MMALtm,Transport
r2514m,Transport
3HMPtm,Transport
ACGLUtm,Transport
LPAMtm,Transport
r2535m,Transport
PGLYCtm,Transport
FTCD,Transport
4OHBUTtmc,Transport
PHPYRtm,Transport
CE4970tm,Transport
CE2026tm,Transport
HEXDTRtm,Transport
CE4968tm,Transport
ISOBUTtm,Transport
T4HCINNMtm,Transport
4HBZtm,Transport
SUCSALtm,Transport
2M3OVACtm,Transport
GD3tm,Transport
TETPENT3COAtm,Transport
3MGLUTACtm,Transport
HMR_0166,Transport
HMR_0172,Transport
HMR_0178,Transport
PPIOGLYtm,Transport
HMR_0587,Transport
HMR_1284,Transport
HMR_1744,Transport
HMR_1745,Transport
HMR_1753,Transport
HMR_1630,Transport
HMR_1666,Transport
HMR_2603,Transport
HMR_2604,Transport
HMR_2609,Transport
CARN140t_m,Transport
HMR_2621,Transport
HMR_2624,Transport
HMR_2737,Transport
HMR_2634,Transport
HMR_2649,Transport
HMR_2652,Transport
HMR_2673,Transport
HMR_2676,Transport
HMR_2677,Transport
HMR_2682,Transport
HMR_2683,Transport
HMR_2692,Transport
HMR_2700,Transport
HMR_2704,Transport
HMR_2706,Transport
CARN1829Z12Zt_m,Transport
HMR_2668,Transport
HMR_2735,Transport
HMR_2710,Transport
HMR_2722,Transport
HMR_2731,Transport
HMR_2734,Transport
CARN1836Z9Z12Zt_m,Transport
HMR_2753,Transport
HMR_2757,Transport
HMR_2760,Transport
HMR_2764,Transport
HMR_2769,Transport
HMR_2770,Transport
HMR_2773,Transport
HMR_2776,Transport
HMR_4266,Transport
HMR_4756,Transport
HMR_4957,Transport
GLNtm_1,Transport
HMR_6408,Transport
HMR_8418,Transport
DCYTtm,Transport
25HVITD3tin_m,Transport
10FTHF5GLUtm,Transport
10FTHF6GLUtm,Transport
10FTHF7GLUtm,Transport
11DOCRTSLtm,Transport
11DOCRTSTRNtm,Transport
3SALAASPm,Transport
4ABUTtm,Transport
4MPTNLtm,Transport
6DHFtm,Transport
6THFtm,Transport
7THFtm,Transport
ACACt2m,Transport
ACALDtm,Transport
ACETONEt2m,Transport
ACRNtm,Transport
ACt2m,Transport
ARGtm,Transport
ASNtm,Transport
ATPtm,Transport
BALAtmr,Transport
BUTt2m,Transport
CHLtm,Transport
CHSTEROLt1,Transport
CHSTEROLt2,Transport
CITtbm,Transport
CRNtim,Transport
CRTSTRNtm,Transport
CYTDtm,Transport
D_LACtm,Transport
DNDPt12m,Transport
DNDPt19m,Transport
DNDPt23m,Transport
DNDPt24m,Transport
DNDPt2m,Transport
DNDPt30m,Transport
DNDPt31m,Transport
DNDPt3m,Transport
DNDPt41m,Transport
DNDPt44m,Transport
DNDPt46m,Transport
DNDPt47m,Transport
DNDPt48m,Transport
DNDPt4m,Transport
DNDPt51m,Transport
DNDPt53m,Transport
DNDPt54m,Transport
DNDPt58m,Transport
DNDPt7m,Transport
CRNCARtm,Transport
r2434,Transport
CARN160t_m,Transport
CARN1819Zt_m,Transport
r2437,Transport
r2438,Transport
r2539,Transport
r2371,Transport
r2372,Transport
AKGCITtm,Transport
r2376,Transport
r2378,Transport
r2379,Transport
r2380,Transport
r2381,Transport
r2386,Transport
r2389,Transport
r2390,Transport
r2391,Transport
r2392,Transport
r2393,Transport
r2394,Transport
r2395,Transport
r2397,Transport
r2398,Transport
r2401,Transport
r2402,Transport
r2403,Transport
r2406,Transport
r2410,Transport
r2413,Transport
r2416,Transport
r2420,Transport
r2425,Transport
AMETtm,Transport
ACGLYtc,Transport
DATPtm_cho,Transport
DHAPtm,Transport
q10tm,Transport
SACCRP_Lte,Transport
C05953tm,Transport
XOL27OHtmc,Transport
BGLYtm,Transport
MALOAAtm,Transport
MLTHFtm,Transport
2MOPtm,Transport
GLYCLTtm,Transport
34HPLtm,Transport
3HPPtm,Transport
PGP_hs_tm,Transport
PROSTGE2t2m,Transport
NACCYStm,Transport
AGMt_m,Transport
FA40COAtm,Transport
HMR_0182,Transport
HMR_0185,Transport
TIGGLYtm,Transport
3OHGLUTACtm,Transport
GLUTCONtm,Transport
3HIVActm,Transport
THEXDDtm,Transport
HPDECEtm,Transport
5EIPENCtm,Transport
HMR_1752,Transport
HMR_1764,Transport
HMR_2670,Transport
HMR_2671,Transport
HMR_2679,Transport
HMR_2685,Transport
HMR_2686,Transport
HMR_2688,Transport
HMR_2689,Transport
HMR_2691,Transport
HMR_2695,Transport
TETTET6COAtm,Transport
TETPENT6COAtm,Transport
HMR_2697,Transport
HMR_2701,Transport
HMR_2703,Transport
HMR_2707,Transport
HMR_2709,Transport
HMR_2712,Transport
HMR_2713,Transport
HMR_2715,Transport
HMR_2718,Transport
HMR_2727,Transport
HMR_0962,Transport
HMR_1243,Transport
HMR_1620,Transport
HMR_2127,Transport
HMR_3520,Transport
HMR_2610,Transport
HMR_2613,Transport
HMR_2622,Transport
HMR_2635,Transport
HMR_2644,Transport
HMR_7757,Transport
HMR_7758,Transport
HMR_8505,Transport
HMR_8510,Transport
ID3ACALDtm,Transport
HMR_2650,Transport
HMR_2653,Transport
CARN180t_m,Transport
HMR_2659,Transport
HMR_2661,Transport
VACCCPT2,Transport
HMR_2667,Transport
HMR_3864,Transport
HMR_4964,Transport
FE2utm,Transport
HMR_8776,Transport
HMR_9019,Transport
HMR_9174,Transport
DCMPtm,Transport
Htmi,Transport
1A25HVITD2tm,Transport
FE2tm,Transport
FUMSO3tm,Transport
FUMTSULtm,Transport
GLUt2m,Transport
GLXtm,Transport
GLYBtm,Transport
GLYC3Ptm,Transport
GLYCtm,Transport
H2Otm,Transport
LEUt5m,Transport
L_LACtm,Transport
MALSO3tm,Transport
MALSO4tm,Transport
MALTSULtm,Transport
NACASPtm,Transport
O2tm,Transport
ORNt3m,Transport
PE_HStm,Transport
PEFLIPm,Transport
PPAtm,Transport
PRGNLONEtm,Transport
PYRt2m,Transport
SARCStm,Transport
SUCCtm,Transport
THMPPtm_cho,Transport
VALt5m,Transport
SUCFUMtm,Transport
r0834,Transport
r0835,Transport
NH4tm,Transport
r0911,Transport
CITtcm,Transport
r0927,Transport
r0950,Transport
r0973,Transport
r1020,Transport
r1078,Transport
r1146,Transport
HISt2m,Transport
METtm,Transport
thr_mt,Transport
r1454,Transport
ACTYRtc,Transport
CE2176tm,Transport
NACVANALAtm,Transport
2M3HBUtm,Transport
HMR_2738,Transport
HMR_2740,Transport
HMR_2741,Transport
HMR_2772,Transport
HMR_2775,Transport
IND3ACtm,Transport
ACHtn,Transport
ACNAMtn,Transport
ATPtn,Transport
CHOLtn,Transport
CMPACNAtn,Transport
CTPtn,Transport
DATPtn,Transport
DCTPtn,Transport
DITPtn,Transport
DNADtn,Transport
DTDPtn,Transport
DUDPtn,Transport
GMPtn,Transport
IDPtn,Transport
ITPtn,Transport
LYStn,Transport
MI1P_Dtn,Transport
NADtn,Transport
NH4tn,Transport
NICRNTtn,Transport
O2Stn,Transport
O2tn,Transport
PAIL_HStn,Transport
PAIL45P_HStn,Transport
PItn,Transport
PPMI12346Ptn,Transport
RAtn3,Transport
Uritn,Transport
UTPtn,Transport
4ABUTtcn,Transport
UDPGALt2n,Transport
PCHOL_HStn,Transport
CHOLPtn,Transport
SPHINGStn,Transport
GDA1tn,Transport
GALSIDEtn,Transport
CERT1tn,Transport
GD1Atn,Transport
HMR_0984,Transport
HMR_1095,Transport
AMPtn,Transport
HMR_8476,Transport
35CGMPtn,Transport
ACCOAtn,Transport
BIOCYTtn,Transport
BTNtn,Transport
COAtn,Transport
CYTDtn,Transport
DGTPtn,Transport
DIDPtn,Transport
DTTPtn,Transport
DUMPtn,Transport
DURItn,Transport
1a25DHVITD3TRn,Transport
SPHGNtn,Transport
HMR_2585,Transport
HMR_6617,Transport
HMR_6619,Transport
H2O2tn,Transport
H2Otn,Transport
HRETNtn,Transport
MI14Ptn,Transport
MINOHPtn,Transport
NMNtn,Transport
ORETNtn,Transport
ORETNtn2,Transport
PA_HStn,Transport
PAIL4P_HStn,Transport
RAtn,Transport
r1459,Transport
HMR_9674,Transport
ACALDtx,Transport
ADRNCOAtx,Transport
ARACHDCOAtx,Transport
ASPDxt,Transport
ATPtx,Transport
C226COAtx,Transport
CLPNDCOAtx,Transport
CRNCAR3tp,Transport
CRNCARtp,Transport
FADH2tx,Transport
FADtx,Transport
FORMCOAtx,Transport
FRDPtc,Transport
FRDPtr,Transport
GLXtp,Transport
GLYCLTtp,Transport
HDD2COAtx,Transport
HMGCOAtx,Transport
HPYRtp,Transport
Htx,Transport
HXANtx,Transport
IPDPtx,Transport
TTCCOAtx,Transport
NADPtxu,Transport
NH4tp,Transport
NRVNCCOAtx,Transport
OCCOAtx,Transport
OXAtp,Transport
PItx,Transport
PRISTCOAtx,Transport
PRISTtx,Transport
SARCStp,Transport
STCOAtx,Transport
SUCCtp,Transport
TDCHOLAtx,Transport
TETHEX3COAtx,Transport
TETPENT6COAtx,Transport
THCHOLSTOICtm,Transport
TMNDNCCOAtx,Transport
r0954,Transport
r0997,Transport
r1007,Transport
r1014,Transport
r1148,Transport
r1292,Transport
r1428,Transport
r2502,Transport
r2516,Transport
r2517,Transport
r2518,Transport
ACRNtp,Transport
C4tcx,Transport
C6COAt,Transport
DOCOSCOAtxc,Transport
STCOATxc,Transport
LGNCCOAtcx_1,Transport
NRVNCCOAtxc,Transport
SCP21cx,Transport
CRNtp,Transport
LACLt,Transport
MAL_Ltx,Transport
NADtx,Transport
C03990tx,Transport
HXAt2,Transport
3HADPACtxc,Transport
ARG_Dtx,Transport
HMR_1242,Transport
HMR_1758,Transport
HMR_1759,Transport
HMR_1629,Transport
HMR_3021,Transport
HMR_3023,Transport
HMR_3106,Transport
HMR_3478,Transport
HMR_4790,Transport
FA160tp,Transport
CO2tp,Transport
ACACtx,Transport
ADPtx,Transport
AKGtp,Transport
AMPtp,Transport
ARACHCOAtx,Transport
COAtp,Transport
CRNtx,Transport
DCSPTN1COAtx,Transport
DGCHOLtx,Transport
DHCHOLESTANATEtm,Transport
ETOHtx,Transport
r2497,Transport
r2498,Transport
r2499,Transport
r2501,Transport
r2503,Transport
STRDNCCOAtxc,Transport
FA160COAabcp_1,Transport
C4x,Transport
C6CRNtcx,Transport
C9BRxtc,Transport
DCSPTN1COAtxc,Transport
DOCO13ECOAtxc,Transport
PRISTCOAtcx,Transport
HXCOAtx,Transport
LPIPECOLtx,Transport
C02592tx,Transport
ORN_Dtx,Transport
5G2OXPTtx,Transport
5A2OPNTNtx,Transport
3OHSEBACtxc,Transport
3OHSUBACtxc,Transport
HMR_3018,Transport
HMR_1104,Transport
HMR_1135,Transport
HMR_1283,Transport
HMR_1623,Transport
HMR_1665,Transport
HMR_1701,Transport
ICITt_x,Transport
HMR_3867,Transport
HMR_9179,Transport
GCHOLAtx,Transport
GLYtp,Transport
H2O2tp,Transport
H2Otp,Transport
HEXCCOAtx,Transport
LYStip,Transport
NADHtpu,Transport
NADPHtxu,Transport
NAtx,Transport
O2Stx,Transport
O2tp,Transport
ODECOAtx,Transport
PMTCOAtx,Transport
PPItx,Transport
PRISTANALtx,Transport
SCP21x,Transport
SCP22x,Transport
SERtp,Transport
TCHOLAtx,Transport
TETPENT3COAtx,Transport
TETTET6COAtx,Transport
THP2Ctp,Transport
URATEtx,Transport
XANtx,Transport
r1003,Transport
r0934,Transport
r0990,Transport
r0999,Transport
r1006,Transport
r1012,Transport
r1019,Transport
AKGICITtm,Transport
GLY3Pt,Transport
ACtp,Transport
HMR_9680,Transport
GPAM_hs_1,Triacylglycerol synthesis
LPS2,Triacylglycerol synthesis
LPS4e,Triacylglycerol synthesis
MOGAT,Triacylglycerol synthesis
PPAP,Triacylglycerol synthesis
AGPAT1_1,Triacylglycerol synthesis
DGAT,Triacylglycerol synthesis
LPS,Triacylglycerol synthesis
LPS3,Triacylglycerol synthesis
2OXOADPTm,Tryptophan metabolism
3HAO,Tryptophan metabolism
5HOXINOXDA,Tryptophan metabolism
ACSRTNMT,Tryptophan metabolism
ALDD20xm,Tryptophan metabolism
FKYNH,Tryptophan metabolism
HACD1x,Tryptophan metabolism
KYN3OX,Tryptophan metabolism
KYNATESYN,Tryptophan metabolism
LTDCL,Tryptophan metabolism
MELATN23DOX,Tryptophan metabolism
MELATNOX,Tryptophan metabolism
QUILSYN,Tryptophan metabolism
SRTNACT,Tryptophan metabolism
TRPHYDRO2,Tryptophan metabolism
TRPO2,Tryptophan metabolism
TRYPTAOX,Tryptophan metabolism
AM6SAD,Tryptophan metabolism
r0647,Tryptophan metabolism
RE1233C,Tryptophan metabolism
RE2426C,Tryptophan metabolism
RE2562C,Tryptophan metabolism
ACACT1r,Tryptophan metabolism
3HKYNAKGAT,Tryptophan metabolism
5HLTDL,Tryptophan metabolism
5HOXINDACTO2OX,Tryptophan metabolism
ACACT1m,Tryptophan metabolism
ALDD20x,Tryptophan metabolism
AMCOXO,Tryptophan metabolism
ECOAH1m,Tryptophan metabolism
ECOAH1x,Tryptophan metabolism
RE2349C,Tryptophan metabolism
RE2439C,Tryptophan metabolism
RE1711C,Tryptophan metabolism
GLUTCOADHm,Tryptophan metabolism
HACD1m,Tryptophan metabolism
HKYNH,Tryptophan metabolism
KYN,Tryptophan metabolism
KYNAKGAT,Tryptophan metabolism
LFORKYNHYD,Tryptophan metabolism
PCLAD,Tryptophan metabolism
r0239,Tryptophan metabolism
r0541,Tryptophan metabolism
5HOXINDACTOX,Tryptophan metabolism
RE0549C,Tryptophan metabolism
34DHXMANDACOX,Tyrosine metabolism
3MOXTYROX,Tyrosine metabolism
42A12BOOX,Tyrosine metabolism
4HOXPACDOX_NADP,Tyrosine metabolism
FALDH,Tyrosine metabolism
FUMAC,Tyrosine metabolism
H2O2syn,Tyrosine metabolism
IDHPOXOX2b,Tyrosine metabolism
IDHPOXOX3,Tyrosine metabolism
IDHPOXOX4,Tyrosine metabolism
IDHPOXOXb,Tyrosine metabolism
MACACI,Tyrosine metabolism
NRPPHRSULT,Tyrosine metabolism
SALMCOM,Tyrosine metabolism
SALMCOM2,Tyrosine metabolism
SFGTHi,Tyrosine metabolism
THYPX,Tyrosine metabolism
TRIODTHYSULT,Tyrosine metabolism
TYRASE,Tyrosine metabolism
TYRDOPO,Tyrosine metabolism
TYROXDAc,Tyrosine metabolism
RE0908C,Tyrosine metabolism
RE0912C,Tyrosine metabolism
RE0918C,Tyrosine metabolism
RE2122C,Tyrosine metabolism
RE2130C,Tyrosine metabolism
RE1919C,Tyrosine metabolism
RE2296C,Tyrosine metabolism
RE3201C,Tyrosine metabolism
SUCACETATc,Tyrosine metabolism
VANILLACc,Tyrosine metabolism
UDPG3DOPA,Tyrosine metabolism
34DHPEAR,Tyrosine metabolism
GGTe_1,Tyrosine metabolism
DOPACCL,Tyrosine metabolism
DOPAOQCYS,Tyrosine metabolism
LACROX,Tyrosine metabolism
34DHOXPEGOX,Tyrosine metabolism
34DHPHAMT,Tyrosine metabolism
34DHALDD,Tyrosine metabolism
34DHPLACOX_NADP,Tyrosine metabolism
34DHXMANDACOX_NADP,Tyrosine metabolism
34HPPOR,Tyrosine metabolism
3HLYTCL,Tyrosine metabolism
3M4HDXPAC,Tyrosine metabolism
3MOX4HOXPGALDOX,Tyrosine metabolism
3MOX4HOXPGALDOX_NADP,Tyrosine metabolism
41R1H2MAE12BOOX,Tyrosine metabolism
41R2A1H12BOOX,Tyrosine metabolism
DCT,Tyrosine metabolism
DOPABMO_1,Tyrosine metabolism
DOPACHRMISO,Tyrosine metabolism
DOPAMT,Tyrosine metabolism
DOPAQNISO1,Tyrosine metabolism
DOPASULT,Tyrosine metabolism
RE1925C,Tyrosine metabolism
RE3198C,Tyrosine metabolism
RE1915C,Tyrosine metabolism
RE1916C,Tyrosine metabolism
RE1918C,Tyrosine metabolism
RE1921C,Tyrosine metabolism
RE1923C,Tyrosine metabolism
TYRTA,Tyrosine metabolism
TYMc,Tyrosine metabolism
DOPAc,Tyrosine metabolism
DOPASULT4,Tyrosine metabolism
UDPG4DOPA,Tyrosine metabolism
TYRDOPOX,Tyrosine metabolism
DOPACHRMDC,Tyrosine metabolism
CYSGLYPTASEe_1,Tyrosine metabolism
DOPAOQNOX,Tyrosine metabolism
NADPQNOXR,Tyrosine metabolism
NADQNOXR,Tyrosine metabolism
DACT,Tyrosine metabolism
DACGST,Tyrosine metabolism
TYRDHINDOX,Tyrosine metabolism
HMR_4702,Tyrosine metabolism
HGNTOR,Tyrosine metabolism
MAOLNOR,Tyrosine metabolism
MAOX,Tyrosine metabolism
NORANMT,Tyrosine metabolism
TYMSULT,Tyrosine metabolism
TYR3MO2,Tyrosine metabolism
TYRCBOX,Tyrosine metabolism
TYRDOPO3,Tyrosine metabolism
TYRTAim,Tyrosine metabolism
RE0916C,Tyrosine metabolism
RE3095C,Tyrosine metabolism
ACTYRm,Tyrosine metabolism
SUCACETATALTc,Tyrosine metabolism
SUCACETOc,Tyrosine metabolism
VANILPYRc,Tyrosine metabolism
NACVANALAm,Tyrosine metabolism
34HPLFM,Ubiquinone synthesis
4HBZCOAFm,Ubiquinone synthesis
4HBZFm,Ubiquinone synthesis
COQ3m,Ubiquinone synthesis
COQ6m,Ubiquinone synthesis
COQ7m,Ubiquinone synthesis
DHDPBMTm,Ubiquinone synthesis
HBZOPT10m,Ubiquinone synthesis
T4HCINNMFM,Ubiquinone synthesis
HMR_6907,Ubiquinone synthesis
HMR_6908,Ubiquinone synthesis
HMR_6909,Ubiquinone synthesis
3DPHBH1,Ubiquinone synthesis
3DPHBH2,Ubiquinone synthesis
COQ5m,Ubiquinone synthesis
COUCOAFm,Ubiquinone synthesis
DPHMBDCm,Ubiquinone synthesis
HMR_6910,Ubiquinone synthesis
ACODA,Urea cycle
CK_cho,Urea cycle
CREATtmdiffir,Urea cycle
CRTNsyn_cho,Urea cycle
G5SDym,Urea cycle
GACMTRc,Urea cycle
GLYAMDTRc,Urea cycle
OCBTm,Urea cycle
PCREATtmdiffir,Urea cycle
UREAtm,Urea cycle
r0074,Urea cycle
r0086,Urea cycle
r0156,Urea cycle
RE0689E,Urea cycle
RE0690E,Urea cycle
RE0691C,Urea cycle
RE2034C,Urea cycle
RE1898C,Urea cycle
SPMDAT1,Urea cycle
SPMDAT2,Urea cycle
RE2644C,Urea cycle
RE3367E,Urea cycle
ARGN,Urea cycle
G5SADs,Urea cycle
ACGSm,Urea cycle
ARGNm,Urea cycle
CKc_cho,Urea cycle
RE1897C,Urea cycle
SPMS,Urea cycle
ORNDC,Urea cycle
GLU5Km,Urea cycle
ORNTArm,Urea cycle
SARDHm,Urea cycle
SPRMS,Urea cycle
CPS_m,Urea cycle
r0085,Urea cycle
r0157,Urea cycle
RE0688E,Urea cycle
RE0827E,Urea cycle
RE0828E,Urea cycle
ACACT10m,"Valine, leucine, and isoleucine metabolism"
ACOAD10m,"Valine, leucine, and isoleucine metabolism"
ACOAD8m,"Valine, leucine, and isoleucine metabolism"
ACOAD9m,"Valine, leucine, and isoleucine metabolism"
ECOAH12m,"Valine, leucine, and isoleucine metabolism"
ECOAH9m,"Valine, leucine, and isoleucine metabolism"
HACD9m,"Valine, leucine, and isoleucine metabolism"
ILETAm,"Valine, leucine, and isoleucine metabolism"
LEUTAm,"Valine, leucine, and isoleucine metabolism"
MMCDm,"Valine, leucine, and isoleucine metabolism"
MMEm,"Valine, leucine, and isoleucine metabolism"
MMMm,"Valine, leucine, and isoleucine metabolism"
MMSAD1m,"Valine, leucine, and isoleucine metabolism"
MMTSADm,"Valine, leucine, and isoleucine metabolism"
OIVD2m,"Valine, leucine, and isoleucine metabolism"
r0571,"Valine, leucine, and isoleucine metabolism"
r0669,"Valine, leucine, and isoleucine metabolism"
ACLEUm,"Valine, leucine, and isoleucine metabolism"
LEUTA,"Valine, leucine, and isoleucine metabolism"
VALTA,"Valine, leucine, and isoleucine metabolism"
3HIVAcm,"Valine, leucine, and isoleucine metabolism"
2H3MVc,"Valine, leucine, and isoleucine metabolism"
2HIVc,"Valine, leucine, and isoleucine metabolism"
2M3HBUc,"Valine, leucine, and isoleucine metabolism"
3H3MGLTc,"Valine, leucine, and isoleucine metabolism"
3MGLUTRc,"Valine, leucine, and isoleucine metabolism"
3AIBTm,"Valine, leucine, and isoleucine metabolism"
3HBCOAHLm,"Valine, leucine, and isoleucine metabolism"
PHACGLYc,"Valine, leucine, and isoleucine metabolism"
ACILEm,"Valine, leucine, and isoleucine metabolism"
ILETA,"Valine, leucine, and isoleucine metabolism"
HIBDm,"Valine, leucine, and isoleucine metabolism"
MCCCrm,"Valine, leucine, and isoleucine metabolism"
MGCHrm,"Valine, leucine, and isoleucine metabolism"
OCOAT1m,"Valine, leucine, and isoleucine metabolism"
OIVD1m,"Valine, leucine, and isoleucine metabolism"
OIVD3m,"Valine, leucine, and isoleucine metabolism"
VALTAim,"Valine, leucine, and isoleucine metabolism"
r0560,"Valine, leucine, and isoleucine metabolism"
DHRT_ibcoa,"Valine, leucine, and isoleucine metabolism"
r0603,"Valine, leucine, and isoleucine metabolism"
r0643,"Valine, leucine, and isoleucine metabolism"
r0655,"Valine, leucine, and isoleucine metabolism"
RE1266C_1,"Valine, leucine, and isoleucine metabolism"
3MGLUTACc,"Valine, leucine, and isoleucine metabolism"
LRAT1,Vitamin A metabolism
LRAT2,Vitamin A metabolism
ORETNF,Vitamin A metabolism
RADH2,Vitamin A metabolism
RADH3,Vitamin A metabolism
RAI1,Vitamin A metabolism
RAI2,Vitamin A metabolism
RAI3,Vitamin A metabolism
RAI4,Vitamin A metabolism
RDH1,Vitamin A metabolism
RDH1a,Vitamin A metabolism
RDH2,Vitamin A metabolism
RDH2a,Vitamin A metabolism
RDH4,Vitamin A metabolism
RETFA,Vitamin A metabolism
RETH2e,Vitamin A metabolism
RETHe,Vitamin A metabolism
RE1901R,Vitamin A metabolism
RE2651R,Vitamin A metabolism
RE2658C,Vitamin A metabolism
RE3050R,Vitamin A metabolism
HMR_6633,Vitamin A metabolism
BCDO,Vitamin A metabolism
RE2147C,Vitamin A metabolism
RE2655R,Vitamin A metabolism
RE1903R,Vitamin A metabolism
RE2658R,Vitamin A metabolism
RE2659R,Vitamin A metabolism
HMR_6632,Vitamin A metabolism
HMR_6647,Vitamin A metabolism
LRAT,Vitamin A metabolism
ORETNF2,Vitamin A metabolism
RADH,Vitamin A metabolism
RADH4,Vitamin A metabolism
RAHY,Vitamin A metabolism
RDH3,Vitamin A metabolism
RDH3a,Vitamin A metabolism
RETH,Vitamin A metabolism
RETH1,Vitamin A metabolism
RETH1e,Vitamin A metabolism
RETH2,Vitamin A metabolism
RETI1,Vitamin A metabolism
RETI2,Vitamin A metabolism
RETI3,Vitamin A metabolism
UGT1A5r,Vitamin A metabolism
UGT1A5r2,Vitamin A metabolism
HMR_6672,Vitamin A metabolism
CBL2OR,Vitamin B12 metabolism
ACP1_FMN,Vitamin B2 metabolism
FADDPle,Vitamin B2 metabolism
NMNHYD,Vitamin B2 metabolism
FADDP,Vitamin B2 metabolism
FADRx,Vitamin B2 metabolism
RBFK,Vitamin B2 metabolism
FEROc,Vitamin B2 metabolism
FMNAT,Vitamin B2 metabolism
FADRx2,Vitamin B2 metabolism
PDXPP,Vitamin B6 metabolism
PYDXK,Vitamin B6 metabolism
PYDXPP,Vitamin B6 metabolism
PYDXNO,Vitamin B6 metabolism
PYDXNK,Vitamin B6 metabolism
PYDAMK,Vitamin B6 metabolism
HYPOE,Vitamin B6 metabolism
PDX5POi,Vitamin B6 metabolism
PYAM5PO,Vitamin B6 metabolism
PYDXDH,Vitamin B6 metabolism
PYDXO_1,Vitamin B6 metabolism
ASCBOX_1,Vitamin C metabolism
DASCBH,Vitamin C metabolism
GLRASE,Vitamin C metabolism
DHAOX_c,Vitamin C metabolism
UROLACer,Vitamin C metabolism
DASCBR_1,Vitamin C metabolism
DOGULNO1,Vitamin C metabolism
RE2898C,Vitamin C metabolism
GLACO,Vitamin C metabolism
GLNLASEer,Vitamin C metabolism
24_25VITD3Hm,Vitamin D metabolism
25VITD2Hm,Vitamin D metabolism
PVD3,Vitamin D metabolism
RE2240C,Vitamin D metabolism
24_25VITD2Hm,Vitamin D metabolism
1a_24_25VITD2Hm,Vitamin D metabolism
1a_25VITD2Hm,Vitamin D metabolism
25VITD3Hm,Vitamin D metabolism
25HVITD3c,Vitamin D metabolism
HMR_2114,Vitamin D metabolism
TS3,Vitamin D metabolism
VD3,Vitamin D metabolism
CYP2R1,Vitamin D metabolism
RE2705C,Vitamin E metabolism
RE2948C,Vitamin E metabolism
HMR_6456,Vitamin E metabolism
HMR_6500,Vitamin E metabolism
RE2327C,Vitamin E metabolism
